Store Name,Comment
味浪漫いしがま亭,"今回は京都河原町にある【味浪漫いしがま亭】に伺いましたฅ•ω•ฅ今回いただいたのは贅沢はもかもコース 7,920yen▫️先付け▫️京湯葉と京鴨タタキ、鱧おときお造り▫️鱧..."
味浪漫いしがま亭,おばんざいとメインの鴨しゃぶしゃぶのランチをいただきました。お味は良かったです♪でも、鍋が先に来るのはびっくり。。まずは前菜では？　さらに、鍋出汁のお鍋、３つ重ねたら誰でもヤバいって分かるのに、重ねて...
味浪漫いしがま亭,1番上のコースで頼みました！！！鴨、普段食べることは無いのですが京都に来たのでぜひ食べたいと思い、当店を利用しました！！！お店を選ぶのにも彼がここどう？と聞いてくれたのでスムーズに予約することが出...
味浪漫いしがま亭,名物の「京鴨しゃぶしゃぶランチ」を注文しました。お店自慢の京鴨は新鮮でくさみがなく、鴨の甘い脂が本当に美味しいです。おばんざいも10種類。揚げ麩がもちもちした食感でお気に入り。味付けも...
味浪漫いしがま亭,ランチで来店。鴨しゃぶランチをオーダー。鴨しゃぶのスープが濃厚でとっても美味しい。自家製の辣油に胡椒をかければまた美味しい味変にスープをあえて残して中華麺を啜りたいくらいの旨み。おばん...
味浪漫いしがま亭,古民家風の落ち着いた店内で、まず雰囲気がいい。期待感が高まります…今回は、鴨しゃぶコースをセレクト。御通しから前菜、サラダ、揚げ物、鴨しゃぶ、〆ラーメン、デザートまで大満足！最近、鴨にハマってますが、...
味浪漫いしがま亭,京都っぽいご飯ランチを考えて、事前に場所を調べて行きました。予約はしませんでしたが開店前に行ったのですぐに案内されました。個室の部屋です。外の景色が見える席は予約した人用かな？ランチメニューは...
味浪漫いしがま亭,観光でぶらついていた所、11時30分から並んでいるお店を発見、だいたい1時間前後で呼ばれる。店内はBARのような雰囲気でとてもよかった。1番人気の鴨のしゃぶしゃぶ定食は注文。鴨の肉...
味浪漫いしがま亭,週末のお昼に伺いました。京都は観光客も多く、どこのお店も並んでますね。こちらのお店でも入店までに4組ほど待ち組がありました。お昼ごはんは3種類から選べます。名物の「京鴨しゃぶしゃぶ...
味浪漫いしがま亭,【頼んだ物】・京鴨の天ぷらとおばんざい御膳　1650円・鯛と野菜の天ぷらとおばんざい御膳　2200円【感想】・3.2鴨の天ぷらはあっさりしていて美味しかったおばんざいも...
味浪漫いしがま亭,急遽京都へ旅行した際に鴨が食べたくなり立ち寄りました。当日の為、電話で問い合わせたところ20:15分からであればとのことでお伺いしました。河原町の駅から徒歩数分でアクセスも良いです。...
味浪漫いしがま亭,ゴールデンウィーク中に京都に遊びに行くついでにいしがまていにいきました。めちゃくちゃ混んでいました。鴨のしゃぶしゃぶを所望。色々ついていて美味しかったです。昼から普段やめているお酒もよ...
味浪漫いしがま亭,夜は食べに行ったことがあり、美味しかったのでランチで伺いました。人気なお店で、予約していくほうが安心です。鴨とおばんざいランチを頂きました。どれを食べても美味しい！大満足のランチで...
味浪漫いしがま亭,友人３人のランチで利用しました。京鴨の天ぷらとおばんざいの盛り合わせをいただきました。どの料理も美味しくて量も程よくて、お腹いっぱいになりました。鴨の天ぷらは初めて食べたのですが食感もよく...
味浪漫いしがま亭,ランチに伺いました。まだ桜が咲いている時期だったので、鴨川沿いの桜がみえたらと思ったのですが、カウンターで食事したのであまり広くは見渡せませんでした。奥のテーブルのみ外をみられるかな、という印象で...
味浪漫いしがま亭,"「京都に来たのなら鴨川を眺めながら鴨料理を食べたい！」そんな願いを叶えてくれるお店が木屋町通にありました。京町家の趣がある建物が素敵です。予約していた『京鴨づくしコース（@6,930円税込）』..."
味浪漫いしがま亭,全体的に普通に美味しかったです。鴨肉のしゃぶしゃぶは、写真だとツクネがありましたが実際にはなくて少し残念でした。ランチ時間帯での値段としては少し高かったような感じもします。盛り合わせが、もう少...
味浪漫いしがま亭,コースではなく鴨しゃぶを人数分だけ電話予約して訪問。店内はレトロな雰囲気で満席でした。鴨しゃぶメインでいくため単品は鴨タタキと鴨ユッケのみ注文。まずは先付けの鴨ジュレサラダが出てきましたが◎。...
味浪漫いしがま亭,たたきがとってもおいしかった！！脂が甘くて食べ応え抜群でした！！鴨のしゃぶしゃぶ初めて食べましたが食べやすく、ぱいたん出汁が濃厚ですごくおいしかったです！！！うま煮も頼みましたが、甘めの味付け...
味浪漫いしがま亭,3度目の訪問のなります。美味しいかも料理食べるならこのお店！京鴨づくしコースクセがなくとても美味しかもをいただきました。写真は追加のユッケ店は落ち着いた雰囲気で◎是非また来...
味浪漫いしがま亭,ぶりカモコースで行きました。京都祇園値段と思えばコスパもよく雰囲気、店員の感じもオッケー️旬の寒ブリはとても美味しくしゃぶしゃぶの鍋の二種類のスープもよかったです。店オリジナルの鴨ラー油も白湯スープと...
お好み焼き 鉄板焼き ひのき,店と店員さんの雰囲気がよく楽しく飲むことができる。料理もお好み焼きと鉄板焼きのバリエーションが多く、飽きずに楽しめる。烏丸駅から近いということもあり、この付近で焼物で飲みたいときは万人におすす...
お好み焼き 鉄板焼き ひのき,よく混んでいていますやや料理が出てくるのがゆっくりでしたが店員さんは、どなたもとても感じが良く、忙しい中でちゃんと声掛けしたりしてくださいました。もちろんお好み焼きは美味しいしその...
お好み焼き 鉄板焼き ひのき,出張先の宿泊先の近くにあり、こちらのお店に入ってみました。元気の良い、こちらも気持ちよくなるような接客でお出迎えしていただいて、テキパキと店員さんが連携している姿が印象的でした。そんな店員さん...
お好み焼き 鉄板焼き ひのき,元日から元気に営業してくれていました。◾️オーダーしたもの鳥セセリの塩焼きふわふわたまごのせ焼きそばミックスお好み焼き焼きワンタンちくきゅうエビマヨどれもこれも...
お好み焼き 鉄板焼き ひのき,お好み焼き、そば入りミックスはとても美味しかったです。もんじゃ焼きの餅とミックスも美味しかったけど、若い店員さんに「忙しいので、メニューの最後のページに書いてる通りにご自身で作ってください...
お好み焼き 鉄板焼き ひのき,四条烏丸すぐ近くのこちらを訪問です。店内には90年代のJ-POPが流れています。「とんぺい焼き」を注文しました。10分ほどで提供です。鉄板で温めながらいただけます。豚のカリカリがお...
お好み焼き 鉄板焼き ひのき,一口パリパリワンタン餃子600円。ホソのタレ焼き890円。とん平デラックス（豚キムチ入り）780円。お好み焼き豚玉950円。三条のひのきとほぼ同じクオリティー。何故かお好みは三条より生地がフワッとして...
お好み焼き 鉄板焼き ひのき,出張先のホテルの近くで入れるお店を探して直ぐ近くのこちらへ入店。お味も美味しい、お酒はレモンサワーやらビールやらいただきました！豚平焼きと焼きそばしか食べてないですがお店のスタ...
お好み焼き 鉄板焼き ひのき,こちら、京都のビジネスの中心地、四条烏丸のほど近くにあります。今や、死語になりつつあるけど、社内のちょっとした接待みたいなんにも使えるお好み焼き屋さんですわ。カウンター席も快適で、お一人様でも大丈夫♪...
お好み焼き 鉄板焼き ひのき,京都のビジネスの中心地といえば四条烏丸ですわ。ビル林立のこの地も、ちょっと入ると路面店のお食事処がポツポツあります。こちらも、その一軒。『ひのき』とお店に名前を付けるだけあって、内装には木材が一杯使っ...
お好み焼き 鉄板焼き ひのき,2021年1月3日、日曜日の午後7時30分に来ました。店内は綺麗で落ち着きます。焼きそばがめっちゃ美味しくて最高です。お好み焼きも抜群に美味しいです。その他、一品も逸品...
お好み焼き 鉄板焼き ひのき,遅くまで営業されているので深夜仕事終わりには有り難い限りでございます。三条室町にもひのきさんありますがこちらのお店はウッディな内装でオシャレ鉄板焼きな感じ。ですが以前と少しメニュー...
お好み焼き 鉄板焼き ひのき,2019年2月1日に来ました。店内は広々としていて、テレビも観れます。ひのきでできている店内は温かみがあって、とても落ち着けます。まるでキャンプに来ている気分になります。...
お好み焼き 鉄板焼き ひのき,お好み焼きは餅チーズコーンの餅抜きにしました。ふわっと系でチーズたっぷりで最高です。次は餅入りにしてみようと思います。店員さんの愛想も良い。
お好み焼き 鉄板焼き ひのき,雰囲気は良く子連れでも行ける所チーズオムレツにハマってお好み焼きも焼きそばも美味しい海鮮も肉も種類が豊富でお持ち帰りもあり親切
お好み焼き 鉄板焼き ひのき,京都駅前のお好み焼き屋さんはどこもとても混んでいて、20組待ちとか…日を改めて、駅から少し離れたお好み焼き屋さんを探して、半個室もある＝少し落ち着いた雰囲気？かなーという期待を込めて、こちらのお...
お好み焼き 鉄板焼き ひのき,お席もテーブル、カウンターどちらも可能でしたがもんじゃを食べたかったので、テーブルでお願いしました。もんじゃが初めての友人も楽しそうに会話していて飽きさせない雰囲気が良かった。ドリンク...
お好み焼き 鉄板焼き ひのき,ここの店員さんとても良くしてくださいます。そして、味も美味しい。もんじゃ焼きが特に大好きです。店内も落ち着いて食べれるので個室というわけではないけどこの時期の食事も気にならなくてもそこもま...
お好み焼き 鉄板焼き ひのき,N/A
お好み焼き 鉄板焼き ひのき,N/A
お好み焼き 鉄板焼き ひのき,N/A
京都祇園うなぎ四代目菊川,久しぶりに料理で感動しました！今回は6000円強のセットをお願いしましたが、どれも本当に美味しかったです。最初に頂いた天ぷらはサクサク、メインの蒲焼もカリフワで言う事なしです。また寄ら...
京都祇園うなぎ四代目菊川,ちょっと贅沢にお昼から祇園でうなぎをいただきました。お盆の昼に予約なしでも丁寧な対応をしていただき、落ち着いて、美味しいうなぎを堪能させて頂きました。ありがとうございます♪私も、妻も、うな...
京都祇園うなぎ四代目菊川,京町家の建て創りのお店で綺麗。一本鰻重を頂きました、器に沿ってシャモジでお茶碗に移して食べる様で綺麗に鰻を切りながら掬えるので食べ易い。カリふわでシッカリした味付けで甘ったるく無く私好...
京都祇園うなぎ四代目菊川,2度目の来店でした。京都らしい雰囲気のお店がよく、気に入っていたので今回はこちらから予約しました。鰻はカリカリふわふわに焼かれてて、美味しかったです。お店の雰囲気も好きで、和モダンな感じです。ちょっと...
京都祇園うなぎ四代目菊川,京都旅行の際に予約しました。個室を予約しましたが、静かでゆったりとお食事出来ました。外側は少しパリッと中はふんわりですごく好みの鰻屋さんで、とても美味しかったです♪幸せな京都旅行の一幕とな...
京都祇園うなぎ四代目菊川,お店の外観内装、雰囲気とても素晴らしかったです。予約時のリクエストを見ていただけたのか素敵なお部屋に通していただきました。お料理は祇園菊川ひつまぶしを注文、身はふわっと皮はカリッとしていて、説明してい...
京都祇園うなぎ四代目菊川,一本うなぎ専用の器が素敵でした。予約の際に席のリクエストをしていて、事前に予約確認電話では「人数的に無理」と聞いていたのですが、当日行ってみたらたまたまなのかリクエスト通りの部屋に案内していただき...
京都祇園うなぎ四代目菊川,1本重を頂きました！脂がのっていてパリっと香ばしく中はフワフワ、とっても美味しかったです。個室を予約しましたがすごく落ち着く空間で、予約するならぜひ個室をオススメします。ゆっくり静かに食事を楽...
京都祇園うなぎ四代目菊川,木造の町屋造りの建物で雰囲気が良かったです。7000円台のコースをお願いしました。特筆すべきは一本うなぎの、カリッと香ばしくも中のふわっとした身の食感。うな丼の器も特注で味があり素敵でした。また来...
京都祇園うなぎ四代目菊川,品数も多く、ボリュームがあり味もなかなか良く満足できました。鰻重の鰻はもとより、お米が絶妙の炊き加減でとても好みでした。タレは程よい甘味で食後のデザートはわらび餅とバニラアイスが選べるのでわらび餅をい...
京都祇園うなぎ四代目菊川,祇園でうなぎ落ち着いた店構え通されたのは座敷にテーブルと椅子が並ぶと部屋足の裏に感じる畳の感触が気持ちいいまずはビールマスタードリームで乾杯肝焼き白焼き...
京都祇園うなぎ四代目菊川,チェーン展開をしているお店でしたので、あまり期待せず伺いましたが、個人的に好きな皮目ぱりぱり関西風でしたので、美味しく頂きました。二日酔いでしたので、白焼を多めに頂きました。笑タレつきは二日酔いの...
京都祇園うなぎ四代目菊川,お庭の見える部屋だったので、お庭を眺めながら鰻と近江牛を堪能しました。暑い日だったのでビールもいただきました！もう少しお酒の種類がたくさんあるともっと嬉しいかな。店員さんの対応はとてもいい...
京都祇園うなぎ四代目菊川,京都らしい雰囲気のあるお店でした。案内された2階席は靴を脱いで利用する席でくつろいで食事を楽しむことができました。うなぎは皮がパリッと香ばしく身はふっくらとしておりとてもおいしかったです。ご飯は大盛り...
京都祇園うなぎ四代目菊川,鰻一本ひつまぶし、ダシと肝吸い、漬物、薬味にネギとあられとワサビがついてくる。カリッとした鰻で激烈に美味い。ダシで食べてもまー美味い。ワサビちょっと効かせすぎてツンと来てまた美味かった。ごぼう...
京都祇園うなぎ四代目菊川,祇園の新橋通りにあり暖簾が目立っているのですぐに見つけられます。鰻は関西風の外はパリッ中ふっくらのやつです。お値段は高くもなく安くもなく、お味もそれなりでしょうか。祇園の良い場所にあるので...
京都祇園うなぎ四代目菊川,初めて伺いました。老舗の落ち着いた雰囲気とお店の方もとても感じ良くゆっくり食事できました。丸々一匹敷き詰められたウナギの蒲焼の下もしつこくないタレのかかった御飯が敷き詰められており、半...
京都祇園うなぎ四代目菊川,夫との記念日に行かせていただきました。店内は落ち着いた空間で、照明の具合もよかったです。ひつまぶしも大変美味しかったです。またお酒の種類も多く、お料理と一緒に楽しむことができ、大変満足しま...
京都祇園うなぎ四代目菊川,一尾のひつまぶしでない方尾っぽがはみだしてますご飯大盛り山椒2種類ありますお好みでひつまぶしも食べましたひつまぶしは薬味とだしと鰻にきれこみひつまぶしは香り...
京都祇園うなぎ四代目菊川,祇園にあるうなぎ屋さん。名物の一本うなぎのひつまぶしを頂きました。一本も食べれるかな？と思いましたが、全然食べれます！お店の雰囲気も良くて個室もあります。鰻は外はカリッと中はふわっとしてて...
瓢斗 京都駅前本店,評判の良さそうなお店なので、来店前からワクワク(*^^*)京都駅からてくてく10分ほど歩き、この辺かなと見渡すと、シックでモダンな看板が…。店内は明るく、上品な感じ。この雰囲気は期...
瓢斗 京都駅前本店,平日、１９時予約で、早く駅につきすぎてしまったので連絡して少し予約を早めていただきました2階もあるようなので、かなり中は広いと思います入り口で店員さんに予約の旨をつたえて、靴をあずかってもらい...
瓢斗 京都駅前本店,鱧と京都ポークのしゃぶしゃぶをいただきました。用意された時は量が少ないかなと思いましたが食べ終わるとお腹いっぱいになってました。鱧も豚も美味しく堪能できました。騒がしいお客さんがおられたの...
瓢斗 京都駅前本店,お客様との会食でお邪魔しました。初めての訪問となります。牛、豚しゃぶしゃぶコースを頂きました。ボリュームが満点ですね。サービスもしっかりされています。京都駅からも近く使い勝手いいですね。またお邪魔します
瓢斗 京都駅前本店,豚しゃぶに至るまでの一品は抜かりなく美味お出汁とたっぷりの白葱でいただく豚しゃぶは滋味深く優しいお味でとても良き満たされた帰りの新幹線の時間までゆっくり食事をしようと京都ら...
瓢斗 京都駅前本店,美味しい出汁で食べる豚しゃぶのお店。広い店内と美味しいお料理。混雑してたのもあって、オーダーが通ってないことが何回かありましたけど、一生懸命でフレンドリーなサービスは気持ち良かったです。野菜もいっぱい...
瓢斗 京都駅前本店,接待するに際して利用しました。各テーブルに担当者がいらっしゃり、その方から名刺を頂戴し、また、担当者以外の方も、非常に丁寧で礼儀正しい接客をされました。料理は、一品一品が独創的で、お出しいただく度に、...
瓢斗 京都駅前本店,京都で出汁しゃぶしゃぶをいただきました。京都駅から歩いて5分くらいのところですが、周囲はとても静かで落ち着いた雰囲気です。出汁とポン酢と味変しながら、ネギと辛味も好みで調整しながら楽しめます。しゃぶし...
瓢斗 京都駅前本店,京都旅行の最後のランチにコースを予約して利用。外観・内観ともに和風モダンで綺麗。カニと京都ポークのしゃぶしゃぶ、最高でした。最後のうどんの締めには味変でカレー粉を。デザートはコースとは別で注文した日本...
瓢斗 京都駅前本店,京都駅から5分程度のところにあるしゃぶしゃぶのお店です。ドリンクは各種揃えており、先付け、凌ぎ、メイン、締めの料理すべてが素晴らしい内容でした。特に出汁でいただく肉は、ネギと一緒に食べるとより風味が増...
瓢斗 京都駅前本店,両親を連れて行きました。何かいいものをと思って行ったのですが、何となく残念な気持ちで帰りました。美味しかったのですが値段相応かと言われるとそうでもなかったです。お店の人が鍋の準備をしてくれ...
瓢斗 京都駅前本店,豚しゃぶを出汁にたっぷりネギを入れて食べるスタイルはメッチャ良いです。ネギ好きとしては、何度もおかわりできる感じです。コースで頼んでもお腹いっぱいになるし、豚しゃぶタケお代わりすることもできるので...
瓢斗 京都駅前本店,店内は綺麗でゆったりとした席。年齢層は高そう。落ち着いた雰囲気が良かった。ねぎをたっぷりと入れながら出汁で食べるしゃぶしゃぶは初めてだったが、あっさりと美味しかった。ねぎもなくなりそうになると...
瓢斗 京都駅前本店,京都駅から5分程度のところにあるしゃぶしゃぶのお店です。ドリンクは各種揃えており、又先付け、凌ぎ、メインと締めともに内容は素晴らしく特に出汁で頂く肉はネギと一緒に食べるとより風味がありうんとお腹空かせ...
瓢斗 京都駅前本店,ちょっと贅沢なランチ。京都駅から5分ぐらい歩いたところにある出汁しゃぶしゃぶ店。入店すると、洗練された店内で丁寧な接客が好印象。今回はせっかくなので、奮発し近江牛の出汁しゃぶしゃぶを頂きました...
瓢斗 京都駅前本店,食べ物：食べ物は味はいいですが、量が少ないので、肉類を追加しなければなりません。環境:レストランの環境は清潔で快適で、座席と座席の間隔が広いです。私は窓際の席に座って食事をします。とても静かで...
瓢斗 京都駅前本店,温かい物が食べたくなる季節。外ではあまり食べない、しゃぶしゃぶをチョイス！！ランチの豚肉と牛肉の食べ比べ6000円のコース選択。先出しの自慢の出汁につけたごま豆腐。豚肉の違いはあまりわ...
瓢斗 京都駅前本店,京都旅行締めはこちら！出汁しゃぶしゃぶと聞いていく前から楽しみでした！お店に着いたらまずは素敵な入り口、そして店内も煌びやかでした。私たちはコースで予約、メニュー名はお写真で割愛し...
瓢斗 京都駅前本店,京都駅から徒歩7分ほどにある和食料亭。店内の雰囲気は素晴らしい。高級感がありつつモダン感もありいい意味でソワソワさせられる。料理は8000円のコースをオーダー。胡麻豆腐、本...
瓢斗 京都駅前本店,コース料理も美味しく、店員さんも感じがよくて楽しくいただくことが出来ました。ひざまづいてお話されるのはちょっと苦手でしたが…鯖寿司を目の前で炙っていただき、思ったよりさっぱりしていてでも脂...
瓢斗 京都駅前本店,この度は出張で京都を訪問、仲の良い仲間に「瓢斗 京都駅前本店」と言う処でランチをご馳走になりました京都駅では海外からのお客様があふれかえっていました…コロナ前と変わらない様子となりましたね...
瓢斗 京都駅前本店,京都駅の烏丸中央口から徒歩約10分のところにある出汁しゃぶの専門店。店内一面に畳が敷かれており、和の雰囲気が漂う上品で静寂な空間が特徴的です(*･ω･)ﾉこのお店の出汁しゃぶについて特筆すべきは、...
Roji-oku,【Checkポイント】■見た目も美しい和牛ローストビーフが人気■満席に近い事が多いので事前予約必須京都の路地奥で王道ローストビーフと拘りの日替わりを楽しめる Roji-oku 。...
Roji-oku,2024年3月31日(日)の12:45に予約訪問。こちらは四条駅近くのお洒落なビストロ(？)。名物のローストビーフランチをいただきに来た。店内は女性客が70%以上で...
Roji-oku,ローストビーフハンバーグセット2400円にしました。予約してのですぐに入れました。店内はまあまあの混み具合。はじめにスープとサラダがでてきて、ご飯、ローストビーフとハンバーグという流れ。ローストビーフ...
Roji-oku,平日の11時の開店と同時にに訪問。すでに何組か待ちが出来てました。メインのローストビーフや日替わりなどメニューが豊富にありました！迷った末に平日限定のハンバーグとローストビーフのセットを注文。半々...
Roji-oku,"和牛ローストビーフ定食 ¥2,400サラダ、スープ、ごはんorパン付ソースが3種類から選べるスタイル和風ステーキ醤油ソースを選んけど、このソースがなんともいえへん美味しさ..."
Roji-oku,お肉を食べて暑い夏を乗り切ろう！と娘とたずねました。駅から少し歩くので空いてるかな？と思いましたが、ほどほどにお客様もおられ、店内のスクリーンで映画が流れていたりして、堅苦しい雰囲気もなくカジュアルに...
Roji-oku,どれも美味しかったですが、ローストビーフカツレツがお肉も柔らかてソースも美味しかったです。カルパッチョもお魚が新鮮で美味しくいただきました。店名の通り路地の奥まで進むとお店の入り口があり、路地も綺...
Roji-oku,ローストビーフが食べたいと思って予約したお店です。名前のとおり路地奥にありました！雰囲気も落ち着いたおしゃれな空間でした。わたしのスマホキャリアでは電波が繋がらなかったので、注意ですロース...
Roji-oku,飲み放題コースで6000円で、何が来るかな。。まず木製のプレートにのったちょいミートやおつまみが。。どのおつまみも美味しいです。そしてらサラダはシーザーさん。あと海鮮系のカルパッチョがきました...
Roji-oku,お友達とのディナーでお伺いしました入り口は少しわかりにくいですが看板が出ているのでそれを頼りに伺いましたお席はテーブルでもカウンターでもご案内できますよとのことだったのでテーブルを選択...
Roji-oku,町屋の奥まった場所にある雰囲気の良い肉バル。ローストビーフメインかと思うがこの日は他の料理をチョイス。鹿肉のソーセージは鹿肉の旨みが凝縮されていて◎牛しぐれ煮の炒飯も着想の妙もあり◎...
Roji-oku,京都に旅行で訪問し、京料理や老舗居酒屋を巡っていたので、最終日はビストロにジャンル替え。とは言え、京都らしさも求めて見つけたお店でしたが、地元食材を使っていて満足しました。前菜盛り合わせはボリュームが...
Roji-oku,予約をしてはじめての訪問。この日は予約をしなくても入店できる様子でしたが、予約をして行く方が良いかと思います。とても美味しくいただきましたが、途中からお肉のソースに飽きてしまい味変ができるとう...
Roji-oku,〜コース内容〜＊農園サラダ＊本日のスープ、パン＊前菜盛り合わせ＊A5黒毛和牛ローストビーフ＊デザート盛り合わせ前菜盛り合わせのバジルマッシュポテトがめっちゃ美味しかった☺️...
Roji-oku,以前に行ってコース料理を食べ美味しかったので、今回40年近くぶりに会う高校の友達とのランチに良いと思い予約しました。が、当日今日は昼から団体客が入るので食事は1時間内で、コース料理は出来ないと言われ、...
Roji-oku,お誘い受けて訪問外観からオシャレゆったり席な広いお店カップル向きだけど、女性だけ率が高めだったローストビーフがメインぽいのかなローストビーフ定食ライスとパン選べるけど飲...
Roji-oku,前回はランチで利用しましたが、今回はディナーで行かせていただきました。前菜盛り合わせから美味しいがとまらず、お酒もすすみました。やっぱりこちらのローストビーフは最高です。ここを超えるローストビーフ...
Roji-oku,土曜日に予約が取れなかったので、日曜日に予約して初訪問。3名で予約していたけど、テーブルのカトラリーが2名分しかなかったり、、ちょっと雲行きが怪しいか！？と思われたけど。。前菜で、ウフマヨ...
Roji-oku,日替わりランチを頂きました。その日の日替わりの中の3種類から選べて、私は海老カツとサーモンのピカタサンドにしました。これにサラダとスープ、パンorライスが付いて1400円ちょっとだったので、リ...
Roji-oku,同僚4人でお疲れ様ディナー美味しくて良いお店で贅沢しようと言う事で、後輩が良いお店を予約してくれました。京都の四条烏丸駅から歩いて行けます。入り口が、まさに路地奥になっていて良い雰囲気です...
Roji-oku,"四条エリアでローストビーフが手軽に食べれる人気店。店名の通り路地の奥にあります。◯ローストビーフランチ(¥2,400)このステーキのようなビジュアル。美味しいのが確定し..."
Roji-oku,美味しいお肉♡を食べたい時に、オススメな隠れ家的なお店ですよ！まさに目指して行く感じっ！(⁠*⁠＾⁠3⁠＾⁠)⁠/⁠～⁠♡場所はね、京都の仏光寺通りなんだけど...
京都 スエヒロガリ,スエヒロガリコースを頂きました。急な当日予約でしたが、予約が出来て助かりました。開店は16:30～が正しい様です。出てくる品が全て美味しかったです。大人には非常に良いですが、...
京都 スエヒロガリ,当日予約で伺ったコースのみの焼き鳥丁寧に焼かれた焼き鳥は全て美味しかったです。コースにしたら安い❗️ただ、店の座席が片側座席のカップルシート横並びとカウンターのみ。ギリギリ...
京都 スエヒロガリ,モツ煮のオムライス◎(濃いめの味付けモツ煮、オムライスの玉子はふわふわ系、米は硬め、モツ煮とタレとからめて美味し)ふわとろ親子丼◎(確かにふわふわとろとろ、焼き目のついたネギ、鶏肉もし...
京都 スエヒロガリ,"新風館に用があって来たのは初めて(言い過ぎ笑)懐かしい中高メンバーでの会食に利用！4,950円のコースだけ頼んだんだけど、量もちょうどよくて、串以外は1人ずつ小皿になっているのも嬉しい..."
京都 スエヒロガリ,すえひろがりコース5000円ぐらい新風館にある焼き鳥のお店。焼き鳥がやっぱりしっとりジューシーて感じでおいしかった。名物らしいオムライスも美味しかった。大人数の席は無いけどL字テーブルが何個かあった。
京都 スエヒロガリ,少人数の歓迎会で利用しました♪ラッキーコースで利用しましたが、金額的にもお得で、割にお腹も満足になりました♪結果、めっちゃお得なコースだと思います♪スエヒロガリさんは初めて利用しましたが、お試しと...
京都 スエヒロガリ,ホテル隣接の施設の中で買い物もできて食事も出来た、お料理のコースはタイミングも良く提供され料理もそれぞれ美味しいホテル隣接もあって海外の方も焼鳥を楽しそうに食べて居て雰囲気も良し！お酒の種類も...
京都 スエヒロガリ,【京都| 烏丸御池駅| 和食(焼き鳥)| デート】彼とのデートで利用しました☺️新風館の中にあるおしゃれな焼き鳥屋さんです。少しお料理が出てくるタイミングは遅かったですが、鶏もジュ...
京都 スエヒロガリ,通りがかりでお昼時にすぐ食べたかったので空いていたこちらにお邪魔しました。牛すじのオムライスいただきました。美味しかったです。ですが、量が少ないので小腹が減った人とか少食の人にもおすすめです。あとスー...
京都 スエヒロガリ,オムライスを目当てにわざわざ予約して行ったのですが、目当てのオムライスは売り切れ？11時30分に予約して行って売り切れ？混雑もしてなく席はガラガラなのに？代わりに注文した親子丼は味が濃くて量も...
京都 スエヒロガリ,新風館にあり場所も分かりやすく、間接照明でほの明るい感じの店内はシンプルで落ち着いた設え。カジュアルすぎず改まりすぎずでゆっくり過ごすには良い。コースはテリーヌ、野菜スティック、椀もの、鳥刺し...
京都 スエヒロガリ,"ふわとろ親子丼、1,300円。昨年に続き2回目の訪問。京都は前回より格段に外国人の方が増えましたが、こちらは外国人の方に人気のお店で今日も複数の方がいらっしゃいました。洗練された和の雰囲気もよ..."
京都 スエヒロガリ,まず店内に入る前に焼き鳥屋さんと気がつけないオシャレさにびっくり。また店内に入ると、オシャレなバーのような雰囲気。空間も広く作られておりとても快適でした。お酒の種類も沢山あり、お料理に合わせられる...
京都 スエヒロガリ,この店は若い風情で内装も良く、料理の選択肢は多くないが、それが利点でもある、串一本一本が丁寧に火が通っていて量も十分、特に最後の鶏モツとオムライスは絶品だった。とても美味しいです。妻もとても満足してい...
京都 スエヒロガリ,鳥はふっくら焼かれ、鳥刺しや惣菜などと組み合わされたおまかせコースは、コスパも良くオススメです。もう少し接客を改善されたら完璧なんですが、今後に期待です。飲み物のレパートリーももう少し工夫が欲しいかな。
京都 スエヒロガリ,悪くないけど、ちょっと期待はずれ。勝手に期待していただけなので、お店の方は悪くないと思いますが、リピはないかなー。焼き物はよかったです◎オーガニックワインは苦手な防腐剤が入っていたのでイマ...
京都 スエヒロガリ,年始1発目の外食予約のみで埋まっていた為予約してからいくのが吉。お店の雰囲気は洋食をイメージするようなつくりになっています٩( ᐛ )و焼き鳥が個人的に好みでした機会があれ...
京都 スエヒロガリ,とってもおしゃれで、雰囲気のあるお店でした賑わってる感じはなく、とても大人な雰囲気を享受できて満足です料理も焼き鳥などがとっても美味しくって、お酒も沢山飲んでしまいました京都に行った際はま...
京都 スエヒロガリ,バーカウンターのような設の店内。東京出のお店らしくて若干、味が濃い目。ランチはオムライス一択しかありません。もつ煮込みの好みはもう少し甘めが良いかなぁ。ランチ予約にはチャージ料金も...
京都 スエヒロガリ,.⁡→ 京都(烏丸御池)京都 スエヒロガリ⁡→ 新風館１Ｆ⁡烏丸御池駅から徒歩１分烏丸御池駅から１０９ｍ⁡⏰→⁡Lunch→ １１．００〜１４．００...
京都 スエヒロガリ,焼き鳥が今まで食べた中でいちばん美味しかったです!友達と二人で行って、女子でも食べ切れるいい感じの量でした(*^^*)お酒は梅系が美味しかったです!場所もオシャレなところにあるのでまた行きたい...
味峯 四条壬生店,父のおごりということで、ご近所で家族で食事。久しぶりに味峯へ行きました。古くからこの坊城の場所でされてるようで、父母は昔からのなじみで、私も高校くらいの頃からちょくちょくお邪魔...
味峯 四条壬生店,相変わらずここは海鮮が新鮮で美味しいです！沖縄料理が好きでよく利用させていただいてますが、今回は久しぶりの訪問でした。うっかり写真を撮ったのを削除してしまったのですが、友人が牡蠣が好きで、今回...
味峯 四条壬生店,もう何度もお世話になっていますが年々レベルが上がっている感じ。料理のメニューが本当に豊富。沖縄料理はもちろん、魚、地鶏は調理法のバラエティもたくさんで、オリジナルメニューも目移りするばかり。写真は鯛の...
味峯 四条壬生店,◎おすすめポイント◎・沖縄で食べるより美味しい沖縄料理・新鮮な海鮮四条壬生川にある味峯へ行ってきました。アクセスは阪急大宮から徒歩で行くのがおすすめです。まず予約をして行く...
味峯 四条壬生店,まず、お通しの蟹身とほうれん草のお味にノックアウト。ほうれん草ってこんなに美味しかったんだと。特別な土佐酢を取り寄せておられるのだとか。お刺身もとても新鮮です。もずくの天麩羅も美味しい。沖縄料理店...
味峯 四条壬生店,阪急大宮から子連れ徒歩で10分程！2階の個室を大人4子供4で利用しました！子供連れには座敷は必須なのでとても嬉しいです！子供用のメニューを提案してくれたり、(唐揚げやポテト、枝豆など、、)...
味峯 四条壬生店,お刺身や揚げ物、焼き物、どれもこれも美味しかったです。お店の雰囲気も、店員さんも、すごく良い感じで、好きだなぁ‥。飲み物の種類も豊富で、お値段もリーズナブル。是非ともまたリピートしたい...
味峯 四条壬生店,親しい人たちと久しぶりに。料理は沖縄料理ですが、どれもこれもひと工夫あって美味しかったです。コースでしたが、もずくの天ぷらや青さ入りのソーキそばなど美味しかった〜店員さ...
味峯 四条壬生店,海鮮、地鶏、沖縄料理 居酒屋！なかなか奥が深いのか、中途半端なんか、難しいところやな。とはいえ、こちら、そんなに栄えてる場所にある訳と違うのに、結構、地元の人が入ってます。みんな楽しそう♬...
味峯 四条壬生店,沖縄料理が好きなので、今回はこちらへ伺いました。好きな島らっきょがあるのは有難い。2回も注文しちゃいました。お造りの盛り合わせからアグー豚の料理タコライスなど色々頂きました。ど...
味峯 四条壬生店,土曜の夜にぶらっと2人で行きました。どちらかと言えば落ち着いた客層が多く、リピーターも多そうな人気店です！美味しそうなアラカルトメニューが多く、迷います〜。お通しは、鯛の子煮で、小さな...
味峯 四条壬生店,京都に2店舗ある沖縄居酒屋さんです♪もずくの天ぷらを頼んだら紅ショウガ入り♪これは珍しいのと、メチャ美味しい(^^)もずくの天ぷらは見た目、ただ黒いだけの物体なのでビジュアルイマイチな...
味峯 四条壬生店,個室完備で食事会に利用。静かすぎない雰囲気ですごく良かった。コースだったためアラカルトのメニューは不明。
味峯 四条壬生店,ミミガーとあん肝ポン酢といぶりがっこチーズがお気に入りです。だから又行きたいと思います。お造りはほとんど売り切れていて残念でした。
味峯 四条壬生店,質の高い料理がゆっくりと楽しめるコースになっていました。飲み放題も種類がそこそこあり良かったです。
味峯 四条壬生店,広い個室が二階にあって子連れによかったごはんも美味しい❣️
味峯 四条壬生店,大宮界隈で沖縄料理が愉しめる数少ないお店です。
味峯 四条壬生店,家族4人で行くには少し高かったですが、お刺身がとても新鮮で美味しかったです。写真にはないですがタコライスもメキシコ風で美味しかったです。
味峯 四条壬生店,今回、２回目の来店。突き出しの島ラッキョから、紅芋のコロッケ、ラフテーまで、どれも美味しかったです。飲み放題付きのコースもリーズナブルでした。背の高い仕切りで軽く仕切られているので、半個室感もあって、...
味峯 四条壬生店,N/A
味峯 四条壬生店,N/A
焼肉ダイニング 大黒戎 先斗町店,特選盛り合わせのお肉がとても上質で焼いても甘みがありとても美味しかったです！また、お店の雰囲気も落ち着いていてゆっくり頂けました。子供も居てベビーカーを持って行ったのですが、店員さんがとても親...
焼肉ダイニング 大黒戎 先斗町店,友人とお邪魔しました掲載されているウニいくらユッケを目当てに行きました。美味しかったです。どのお肉も柔らかくて甘く美味しかったです。ただ残念だったのが早いうちから予約して私たちだけ...
焼肉ダイニング 大黒戎 先斗町店,和牛炙りユッケとタンがとても美味しかったです！ご飯は表記350gですが表記よりあるように感じなかったので星4とさせていただきました！味は本当に美味しかったです。また京都に来た時にはリピートしたいです。
焼肉ダイニング 大黒戎 先斗町店,京都・河原町駅近くの「焼肉ダイニング 大黒戎 先斗町店」さんへ。今回いただいたのは、魅惑の小鉢丼 ¥880厚切りタン ¥1780ネギ塩タン ¥1280特選肉盛り合わせ ¥6...
焼肉ダイニング 大黒戎 先斗町店,◾︎ 頂いたメニュー   （Menu I received）⚪︎魅惑の小鉢丼　￥1078 × 4⚪︎厚切りタン　￥1958⚪︎ネギ塩タン　￥1280⚪︎特選肉盛り合わせ　￥660...
焼肉ダイニング 大黒戎 先斗町店,ねぎ塩タン、カルビ、ハラミ国産牛の赤身等、お肉は美味しかったです。ひとつ気になったことと言えば、ユッケのお肉（生肉）が冷たいイメージだったんですが、生温かったので気になった。写真は魅惑...
焼肉ダイニング 大黒戎 先斗町店,人気店みたいだったので予約して伺いました。一階のカウンターでした。お肉の盛り合わせを注文。生物、ホルモンはモバイルオーダーの画面に出てこずだったので売り切れてたのかな？お肉は良い綺麗なお肉...
焼肉ダイニング 大黒戎 先斗町店,以前から気になってたので予約しました。昔に比べて先斗町もずいぶん変わりましたね。おしゃれなお店がいっぱい。店内はカウンター席だったので、上は分からないけどそんなには広くない感じです。...
焼肉ダイニング 大黒戎 先斗町店,京都　西院で人気を博す大黒戎の２号店として先斗町にお店を構える焼肉ダイニング。メインストリートに位置する情緒ある存在感ある店構えで、二階建ての店内は京風情とアーバンモダンなインテリアを取り入れた...
焼肉ダイニング 大黒戎 先斗町店,こんにちは。けいんのすけです！今日は先斗町にある焼肉店「大国戎」さんをご紹介します。西院に本店があってSNSで人気を集めていた焼肉店が新たに河原町の先斗町エリアに登場しました。...
焼肉ダイニング 大黒戎 先斗町店,京都・先斗町にある焼肉屋さんへ美味しい国産和牛の焼肉がいただけるお店1階はカウンター席で2階はテーブル席いただいたのは■魅惑の小鉢丼いくら、ウニ、お肉がたっぷりさらにそ...
焼肉ダイニング 大黒戎 先斗町店,京都 先斗町通りにある焼肉店！焼肉を楽しんだ後は〆におすすめのイクラとお肉とウ二の贅沢キラキラ丼ぶり♡【大黒戒名物】魅惑の小丼はたっぷりのイクラとお肉とウ二！！嫌いな人はいない❤️魅力的すぎる...
焼肉ダイニング 大黒戎 先斗町店,"「焼肉ダイニング 大黒戎 先斗町店」魅惑的すぎた焼肉ダイニング一人予算4,000円前後～京都 / 祇園四条「焼肉ダイニング 大黒戎 先斗町店」.・*・.・*・.・*・.・*..."
焼肉ダイニング 大黒戎 先斗町店,【大黒戎 先斗町店】またまた来てしまった！大黒戒さん3回目のリピート❤️‍(好きすぎw)こだわり抜いて厳選された国産和牛が美味しい焼肉屋◎魅惑の小鉢 ¥880これは毎回ぜー...
焼肉ダイニング 大黒戎 先斗町店,風情のある先斗町にあのお店が出来たと知っておじゃま。西院にあるお店よりグッと落ち着いた雰囲気です。【濃いめ角ジンジャー割】580円＋50円で乾杯エプロンを借りたら「腑抜けども肉...
焼肉ダイニング 大黒戎 先斗町店,先斗町の小道すすむと見えてくる焼肉屋さん。店内も清潔で、京都の織物が椅子に装飾されていたり、観光にも重宝されそうなお店です。今回いただいたものはこちら↓（※値段は全て一人前のお値段です）...
焼肉ダイニング 大黒戎 先斗町店,京都先斗町に今月オープン#焼肉大黒戎㊗️西院の二号店で黒毛和牛の美味しいお店✨私の大好きな「魅惑の小鉢」神戸牛のミスジ、ロース、マルシン和牛炙り刺身、チョレギサラダ、チィシャ厚切り...
焼肉ダイニング 大黒戎 先斗町店,西院に1号店があり、先斗町は2号店になります✨肉質にこだわった繊細なお肉が豊富！神戸牛も取り扱っていて、希少部位の食べ比べも出来ます。名物の魅惑の小鉢丼は、牛、雲丹、イ...
焼肉ダイニング 大黒戎 先斗町店,人気すぎて早くも２号店OPEN❤️‍【焼肉ダイニング 大黒戎 先斗町店】ちょっと前に、西院の店舗行って美味しかったからリピ◎魅惑の小鉢 ¥980これこれ〜！以前も食べて...
焼肉ダイニング 大黒戎 先斗町店,@daikokuebisu_kyoto#大黒戎京都の先斗町に6/1 open㊗️✨西院のお店に次ぐ2号店✨西院のお店に行った事があって、美味しかったから来ました❤️...
優十不断,なんとオープンしたてのため、飲み物が1円でした。めちゃ安い。飲み物、食べ物は良かった。残念だったのが、2人で予約していたから、当然2人用のテーブル席が用意されていると想像してたのですが、大きな...
優十不断,7月23日にオープンしたばかりのお店へ、仕事帰りに✨「笑ろうじ」という看板をくぐり、細い細い路地を奥へ奥へ、どれだけ奥へ入るんだ、心配になるほど奥へ入った突き当たり。お店の看板が見えたらホッと...
優十不断,四条烏丸付近にある隠れ家居酒屋さん。突き出しのお豆腐前菜盛り合わせ3種類990円、クランベリー&マスカルポーネ、長いもわさび漬け、夏野菜の揚げ浸しをチョイス。量は分からないけど一品550円なの...
優十不断,ドリンクが1円の期間中にお邪魔しました！お料理はどれも美味しく、創作料理らしいひとひねりを感じてよかったです。料理は基本小さめの器に盛られていますので、色々楽しみたい方には良いかもしれません。...
優十不断,オープン記念の1杯1円コースにしたから、飲み物代が1人10円でした(笑)食べ物も美味しかった。かなりの混み具合でしたが、ハキハキした女性店員さんが素早い対応してくれてたので、待たされた感はなかったです...
優十不断,オープンしたばっかの店、泊まったホテルに近い所から検索して。若い女子が好きそうな店店内はそんなに広くない。料理はおしゃれで変わったメニューが多いけど、あまり期待しすぎると失敗するかも普...
優十不断,オープン記念で飲み放題、まさかの1円！！しかも、生ビールはマルエフ❤️！！スパークリングもキリッと冷えててお味も良かった。そして、推しの鯖寿司がめっちゃ美味しかった。もう鯖寿司を食べに再訪した...
優十不断,優十不断さんに訪問して来ました(^.^)様々な人気店を手掛けてるグループの新店で、今オープンキャンペーンをされていてかなりお得なんで、同僚や友人を、誘って訪問して来ましたよ(￣ー+￣)普段は、...
優十不断,お炭つき鯖寿司と優柔不断巻き。京都飲み3軒目は24年7月にオープンしたばかりの優柔不断へ。四条烏丸を少し下がった路地裏にあります。お店は一軒家で、新しく店内は綺麗です。今回は3名だったので...
優十不断,四条駅から徒歩5分ほど、少し奥まった路地を抜けた先にあるこの居酒屋は、まさに隠れ家的な存在です。店内に足を踏み入れると、まずおしゃれな雰囲気に圧倒されました。木目調のインテリアや間接照明が温かみを感じ...
優十不断,22時ごろ訪問直ぐに入れました。7/23にオープンしたばかりのお店オープンキャンペーンで8/31までだいたいのドリンク1円お通しおばんざい5種盛手羽中唐揚げサーモン...
優十不断,・オープン記念！24年8月末まで一部ドリンク1円・知らないと辿り着けない路地奥にひっそり佇む隠れ家・海鮮やフルーツを使った映えて美味しいお料理・炭で焼いて仕上げてくれるサバ寿司はマストです...
優十不断,本日7月23日グランドオープンとのことで伺いました\(*ˊᗜˋ*)/♡17時オープンで予約してカウンターテーブルに案内されすぐにカウンターは満席。他にもテーブル席はありましたがそちらは空席。なぜか...
優十不断,以前から京都で大人気ととせぶんの姉妹店が四条烏丸にできると聞いて楽しみにしていました。お店は2024年7月23日にオープンしたばかり2024年7月23日にディナー時間に初訪問予約し...
優十不断,・原価ビストロチーズプラス・てんぷぅ 天ぷらとアテとワイン・魚と7など人気店を手掛けるグループの新店舗が四条烏丸の路地奥にオープン！メニューは、小皿で少しずつ食べれ...
優十不断,ドリンク1円は安いけど、店はおしゃれだけど、座る場所がつめつめで狭い、料理はしめ鯖炙りきたいしたが、これやったら焼き鯖のほうが美味しいなって感じた。
優十不断,満席で忙しそうでした。新店舗でまだまだ従業員教育中なのかなという雰囲気です。お料理の味は結構濃いめ。酒飲みには合うかも？
優十不断,予約時間に少し遅れてしまい、電話いただきました。遅れて着いても予約の2時間は仕方がないので納得。ドリンク1円のキャンペーンのせいもあってか、席は満席。賑やかに皆さんの話し声で個室は声が聞こえに...
優十不断,店長さんがすごく頑張っていらっしゃっていて、お料理は工夫を凝らした洒落た料理です。美味しかった。量は少ないので、人数分不足しないよう注文が必要ですが、逆にいうと、その料理が欲しくない人のまでは頼まない...
優十不断,嫁と京都旅行で他の店に行った帰りに、小路の奥の方に見えたお店がこのお店で、なんか雰囲気が京都らしい感じがしたので、翌日の夜に予約して行きました。コスパが良さそうな口コミがあったので選びましたが、やはり...
祇園えもん,京都のお隣の大津に住んでいるのですが、大津（特に大津駅ー浜大津駅エリア）にはお寿司屋さんがほとんどなくかと言って一見で名のあるお寿司屋さんに飛び込む勇気もなく、お寿司屋さん自体に足が向...
祇園えもん,カウンターコースを予約して、訪問しました。場所柄、祇園への出勤前のお姉さん方の同伴で利用されている方が多いです。たまたま同時刻にカウンターに座られていたいわゆる同伴の方たちがとても騒がしく...
祇園えもん,八坂さんからちょっと歩いたところ。夫婦と次女の3人での初めての来店。今回はカウンターおまかせコースでお願いしました。見た目も綺麗な前菜から始まり、滑らかな茶碗蒸し、初夏のお造りと続きます。...
祇園えもん,まず突き出しがとても美味しかったです。その後コースではなく単品で色々頼みましたが、全部とても美味しくて幸せでした！！ぶりが口の中でとろける感じで過去1美味しかったです。誕生日のお祝いで...
祇園えもん,5人で行ったので1万円のコースで個室を予約。先付けから美味しい！焼き数の子が目からウロコ状態で美味しかった。トコブシもいい塩梅の煮かたでした。さすがお寿司屋さんだけに刺身も寿司も美味しかった。茶碗...
祇園えもん,京都の祇園にあるえもんさんへ初訪問でした！友人たちと新年会で利用させてもらいました！お鮨はネタがとても新鮮でシャリともとても良く合い美味しかったです！！店内はカウンターと奥...
祇園えもん,"いつも行ってる先斗町のお店が予約取れなかったので同じようなお店を探して訪問。全体的には○かな。8,000円のコースを注文。最初にでてきた焼き数の子は美味しかったがお刺身の盛り方やお寿司の盛り方..."
祇園えもん,料理も日本酒も最高でした！おまかせにコースにしてよかったです♪
祇園えもん,12/31大晦日に利用しました。観光客相手メインではない、地元で愛されているお店だと感じました。食事はも美味しく、接客も暖かく良い年の瀬の食事ができました。また、伺いたいと思います。
祇園えもん,エビ好きなのでエビを盛り合わせてくれました∩^ω^∩エビの盛り合わせコッペかにくもこポン酢にぎり盛り合わせ１５巻シラス和物注文です∩^ω^∩
祇園えもん,再び訪問です♪ウニ美味しかった〜♡今回は写真を撮り忘れちゃいました(ﾉД`)いくらもおいしかったです♪ご馳走様でした♪また宜しくお願いします♩
祇園えもん,ここおすすめです。採算度外視。素材の新鮮さ重視。人間性重視。お仕事好きな大将のいろいろなこだわりが詰まった良いお店でした。大切な人に美味しいものを食べさせたい！って思ったら、このお店が良いのじ...
祇園えもん,N/A
祇園えもん,N/A
祇園えもん,N/A
祇園えもん,N/A
祇園えもん,N/A
祇園えもん,大将とおかみさんがよく喋ってくれてアットホーム！気さくな感じでよかったです（＾ω＾）
祇園えもん,名代チラシネタの下に錦糸卵がびっしり！美味しかった！
祇園えもん,店員さんが気さくで優しかった！
祇園えもん,接客がとても丁寧。
京都鉄板焼 結,今日は、京都鉄板焼　結にランチに伺ってきました。先ず、フォアグラの黒毛和牛ローストビーフ包。少しくどいなぁと言う印象。続いて、黒毛和牛握りとローストビーフ。こちらも油がしつこい感じ。ロース...
京都鉄板焼 結,どの料理も美味しい！店員さん達がシゴデキでした！伊勢海老の味噌が焼くことによって香ばしくて何回も食べたくなりました！お肉もちょうどいい焼き加減で量もちょうど良かったです！締めのガーリックライスも美味しい
京都鉄板焼 結,ランチコースです結婚記念日なので奮発して伊勢海老付きのお肉のコースをネットで予約して行ってきました。初めてのお肉会席みたいなお店に行きましたが、出される食べ物は全部美味しかったですまた来年も行...
京都鉄板焼 結,お店はここ？という感じで少しだけわかりにくい。少し高めの席のカウンターて頂きました。店員さんは対応も早く、親切。写真など撮りたい方への配慮もあります。お肉中心の料理ですが、趣向を凝...
京都鉄板焼 結,東本願寺からほど近い位置にある、ひっそりと佇むお店です黒に統一された店内では、手元のお料理がとても美しく映えました。息子の２０歳の誕生日祝いで伺うと事前にお知らせしておいたので、デザートプレー...
京都鉄板焼 結,一度行ってみたかった京都鉄板焼き結さんへ予約を入れてランチを頂きました。カウンター席で手際よくコースで一品づつ出して頂きどれも大変美味しく特に伊勢海老もシャトーブリアンも大満足でした。...
京都鉄板焼 結,息子が初任給で連れて行ってくれたお店。目の前で、一つ一つが丁寧な作業をして良かった。色々、趣向を凝らしており、飽きさせることもなく、アクセントが効いた料理。伊勢海老もステーキも...
京都鉄板焼 結,京都鉄板焼　結。JR京都駅から北へ徒歩10分ほど、とあるマンションの1階に店舗を構えるコース鉄板料理屋さんです✨お肉を中心とした華やかさと驚きの絶品メニューを堪能できますメインのステーキを...
京都鉄板焼 結,"誕生日に記念日として利用しました。周りもそういう方がたくさんいたようで、そういう方々の特別な日に利用されるお店のようです。今回は12,000円のコースを予約。メニューは以下の通り..."
京都鉄板焼 結,京都駅から少し北に歩いたとこにある、隠れ家的なお店です。ぜんぶめっちゃ美味しかったです！1番リーズナブルなコースにしましたが、前菜からメインまで肉尽くしで、〆のガーリックライスの焼きおむすびが絶品です...
京都鉄板焼 結,京都の鉄板焼きが食べてみたくて予約していきました！マンションの一階に分かりにくい隠れ家のような佇まい。デートで使ったら完璧です今日は接待ですが…コースで9900円なのでリーズナブル...
京都鉄板焼 結,一番量の少ないコースにしましたがなかなかお腹いっぱいになりました。結構おいしかったです。味付けもわかりやすくおいしい。高級店ではありませんがカジュアルに少しいいお肉をいただく感じです。どこ料理も美味し...
京都鉄板焼 結,京都駅から徒歩圏内で美味しそうな店を…と探して訪問しました。住居用マンション？的なところの1階にあるお店は縦長でカウンターなある感じです。見たところテーブル個室はなさそうでした。カウンター全面に鉄板が...
京都鉄板焼 結,家内の誕生日PRESENT京都旅行のParty『京都鉄板焼　結』を予約【〜Musubi〜結】黒毛和牛の炙り寿司、ステーキ、...
京都鉄板焼 結,お誕生日祝いをしてもらいました。お店は京都駅から3分とどこかに書いてましたが絶対に3分でははいけない（笑）お店の方はみなさん若い人でお店の雰囲気もとてもいい感じでした。お料理は全て美味...
京都鉄板焼 結,東本願寺近くの路地裏にあるダイニングです。夕食で利用しました。肉料理専門店でカウンター席と個室が一部屋あり、個室で料理を愉しみました。フォアグラのローストビーフや肉寿司に鮑の鉄板焼き、カツサンドにステ...
京都鉄板焼 結,"アニバーサリープラン12,000円を頼みました。乾杯シャンパン付きでした。料理は一品一品は少ないですが、味はそこそこ美味しいですが、これが特別美味しかったというのが無かったです。スタッフが..."
京都鉄板焼 結,"京都旅行1日目に訪問。人気店との事で、1か月前から予約して行きました。店内入りカウンターへ。9,900円の黒毛和牛尽くしのコースを注文しておきました。⭐︎コース内容フォアグラロ..."
京都鉄板焼 結,結婚記念日の食事で予約しました。記念日での利用されるお客さんが多いのか、店員さんの「良かったら写真撮りましょうか」という気遣いも◎お肉がメインのコースで、はじめから最後まで肉づくし。どの料理も一工...
京都鉄板焼 結,個室だったのでゆっくりできました。コースはenishi 。ステーキはアップグレードできました。誕生日だったのでデザートプレートをつけてくれました。量も色々なものを少しずつ食べられてちょうど良く満足です...
ERUTAN RESTAURANT BAR,清涼感あふれる桃と赤紫蘇のパフェERUTAN RESTRANT/BAR⁡みずみずしく甘みのある桃のコンポートとほんのり赤紫蘇が香るデザインもお味も大人っぽい清涼感あふれる夏季限定...
ERUTAN RESTAURANT BAR,Peach & Red Perilla Parfait桃の甘さと赤紫蘇の香りが魅力的！優しい甘さの桃のコンポート爽やかなレモンのグラニテ桃と杏のアイスが入っています。...
ERUTAN RESTAURANT BAR,料理もボリュームがあり、お腹いっぱいなコースでした。前菜からデザートまで美味しかったです！コスパ良しなランチコースかと思います。少し席感覚が狭いので、カジュアルなランチかもしれません。ラン...
ERUTAN RESTAURANT BAR,"桃の甘さと赤紫蘇の香りが魅力のパフェ2,280円（ドリンクセット+300円）桃のコンポート、レモンのグラニテ、桃と杏のアイスなどが美しい層になり食べ進めると、一口ごとに違う美味..."
ERUTAN RESTAURANT BAR,"Peach ＆ Red Perilla Parfait (桃と赤紫蘇のパフェ)価格： 2,280円　(ドリンクセット+300円)▪️ 桃のコンポート▪️レモンバーベナ、レモンのグラ..."
ERUTAN RESTAURANT BAR,河原町のど真ん中にある、ホテル内にあるレストランです。一番単価の低い2480円のコースを頼みました、サラダ、パスタ、アイスフルーツ、ドリンクでした、私が頼んだパスタは400円⤴️のパスタでしたので最終...
ERUTAN RESTAURANT BAR,以前フォロワーさんに教えてもらった『ERUTAN』さんのアフタヌーンティーがめちゃ綺麗だったので行ってみた実はここのお店、行く前にインスタでDMをいただいていて店名の秘密を教えてくれました...
ERUTAN RESTAURANT BAR,ランチの時間に、1番軽いランチコースでいただきました。サラダ、パン、パスタと、最後に紅茶をいただいて、パスタは追加料金があるものを選び、2400円弱でした。サラダが、シンプルに見えて味付け...
ERUTAN RESTAURANT BAR,店内の雰囲気抜群にいいです！！！ランチでエルタンコースを頂きました！前菜は3段のアンティパストスタンドでアフターヌーンみたいでした！生ハムがめっちゃ薄切りで口でとろけました、パスタにもピザ...
ERUTAN RESTAURANT BAR,"フラワーアフタヌーンティー  2ドリンク付き価格： 4,580円ウェルカムドリンク▪️ エルダーフラワーのミモザスイーツ▪️ バラとフランボワーズのオペラ▪️ 抹茶..."
ERUTAN RESTAURANT BAR,友人とのランチで利用させて頂きました。オープン時間の11:30に予約しておきましたが、店内は広く、まだ空席が多かったです。2480円のランチコースで、メインを選べます。友人2人は『ほうれん...
ERUTAN RESTAURANT BAR,早めの母の日祝いでランチ利用しました。デザートプレートを別で頼んでいたのでデザートが付いていないlight courseを注文。私が頼んだパスタももちろん、妹が頼んだピザが凄く美味しかったです...
ERUTAN RESTAURANT BAR,有機苺と桜のアフタヌーンティー ★ウェルカムドリンク付（＋ドリンク 2杯付)スタンドにあしらったピンク色の装花がとても美しいです。私のお気に入りはウェルカムドリンク・...
ERUTAN RESTAURANT BAR,2名で予約なしで、12時10分頃入店しました。店内は落ち着いた雰囲気で、まだ何テーブルか空席がありましたが、うち何テーブルかは予約客のために確保されているような感じでした。ランチはパスタとピザ...
ERUTAN RESTAURANT BAR,・気分上がる春全開の大人のティータイム・ビジュアル満点映えて美味しいスイーツ・紅茶はポットで1種というところが多いですが、カップで何種類も楽しめ満足度高め。・〜5/7までの限定メニュ...
ERUTAN RESTAURANT BAR,女子会で平日のお昼に利用しました。店内は2組ほどしかおらず、空いているようでした。パスタもピザも野菜たっぷりでサラダのようでした。ピザは見たことのない斬新な形で、ガレットのようです。ど...
ERUTAN RESTAURANT BAR,京都に来る度にここのレストランを利用しています。とっても美味しいしオシャレだしリーズナブルで最高です。店員さんの接客も丁寧ですし、何度来てもここはいいなぁと感じます。また京都に行った際は伺います。河原...
ERUTAN RESTAURANT BAR,京都産 有機いちごたっぷりの春限定 桜のアフタヌーンティーを頂きました ✿.*・︎︎︎︎︎︎︎ ☑︎︎ 有機苺と桜のアフタヌーンティー＋2ドリンク付き  4580円〜 ...
ERUTAN RESTAURANT BAR,"有機苺と桜のアフタヌーンティー 2ドリンク付き価格： 4,580円ウェルカムドリンク▪️ベリーとアールグレイのフルーツティースイーツ▪️桜と苺のモンブラン▪️桜マカ..."
ERUTAN RESTAURANT BAR,ランチのコースをいただきました。前菜の盛り付けがとてもオシャレで、彩りも綺麗でした。新鮮な野菜とこだわりのソース、所々に感じられる京都らしい和の味わいもとてもマッチしていて本当に美味しかったです。...
ERUTAN RESTAURANT BAR,注文したのは醤熟成グラスフェッドビーフGOODバーガー1200円（発酵食堂カモシカの醤と塩麹使用）サラダバーセット770円ハンバーガーは肉のパティは肉肉しく全体としてはそんなに...
SCALAE,京都駅中央口を出て右手に徒歩５分ほど、ホテル「THE THOUSAND KYOTO」の2Fにあるイタリアン。同行者がこちらの芝原健太シェフの大ファンということで、京都旅行の折に、ディナーでお伺いす...
SCALAE,お料理はどれも本当に美味しかったです。鹿肉のローストは厚みのあるカットで万願寺とうがらしのつけ合わせとのコラボがよくあっていました。サザエとニラのアラビアータパスタはこれもまた絶品でもっと沢山食べたい...
SCALAE,京都駅の近く ザ.サウザンド.キョウトのレストラン大変評価が高いので訪問。生ハム ゴロゴロとなんかワゴンが来た(n‘∀‘)η生ハムのブロックをスライサーでその場で切って...
SCALAE,ホテルだから仕方ないですが、飲み物をはじめ価格帯が高い。味はそこまで、、、な気がしました。もう少し価格帯が低いお店でももっと美味しく満足できるお店も沢山、ありますし、、、。2杯目、3杯目と...
SCALAE,２０２４年７月Instagram、https://www.instagram.com/xiaoshan7910/?hl=jaも宜しくお願い致します<(_ _)>この日は５か月ぶりの京都...
SCALAE,サウザンドホテル内、2階にあるレストランで数年ぶり2回目の訪問です。お店に入ってすぐのエリアよりも奥にあるエリアのテーブル&ソファー席がゆったりして落ち着く空間でおすすめします。お料理も美味しいで...
SCALAE,お友達の誕生日を兼ねてこちらに宿泊しました。朝夕2食付きのプランだったので、夕ご飯と朝ごはんと両方こちらでいただきました。お料理が美味しく、バラエティに富んでいて口も目も楽しかったのはもちろん...
SCALAE,"【店名】SCALAE【値段】6,000円程度／1人【訪問時間】12:00【並び時間】予約【頂いたメニュー】stelo 選べるメイン料理【コメント】店員さんのホスピタリテ..."
SCALAE,本日は10品コースを頂きまして誠にありがとうございました。ご馳走様でした♪京都駅周辺で一番綺麗でオシャレなホテル内にあるイタリアン館内のとても落ち着く香りにいつも癒されております。お料理とワインそ...
SCALAE,京都駅に程近いザ・サウザンド京都内のレストランになるので、迷うことはないだろう。店内はとても広く、カジュアルな雰囲気の中で、ゆったりとくつろぐことができる。隣とのスペースもきっちりと取られているので安...
SCALAE,【2024年4月28日訪問】JR京都駅東へ徒歩2分のTHE THOUSAND KYOTOの2階にあるSCALAE（スカーラエ）は百名店にも選ばれる人気イタリアンレストランです。Secr...
SCALAE,京都駅の隣にあるスタイリッシュなホテルの2階に位置するお店です。「この人と一緒に行きたい」と思える特別な場所です。特にゴルゴンゾーラリゾットは強くおすすめです。どのお料理も、ソムリエのお姉さん...
SCALAE,"誕生日のランチに夫が連れて行ってくれました。コース自体は10,000円ちょっとなのですが、私はシャンパンなどを二杯飲んだりしたのでこの値段です。個室を予約していましたが、すごく豪華な個室で、2人きりで..."
SCALAE,月曜日の11:30に京都駅前の『ザ・サウザンド キョウト』内にある『SCALAE』へ。本日は贅沢なランチコース。アミューズは冷製スープ。確か三度豆だったような気がします。「...
SCALAE,京都駅から近いレストランでコースランチをいただきました！前菜サラダパスタメインデザートドリンクとどれも美味しくて大満足！ゆったりとした素敵な店内で2時間...
SCALAE,雰囲気のいい店内で、デート、記念日などに良さそう♡初めて行ったけど、とっても素敵な場所でしたお食事もとっても美味しかったです♪トリュフの香りも良くて、ひとつづつ見た目も綺麗で良かったです！...
SCALAE,百名店なので少し期待しました。駅前なので、アクセスはすごくよかったです。料理のディスプレイは綺麗で、よかったです。前菜の生ハムはマイルドで美味しかったです。あくまでも個人的な感想ですが、料理は...
SCALAE,お誕生日に連れて行ってもらいました。内観も清潔感があり、静かで落ち着いた雰囲気でした。個室もあるみたいです。デザートにはメッセージプレートがあり、二人の写真を撮ってもらいましたが、その後、「お店のデジ...
SCALAE,京都駅前 京阪グループのホテルのなかにあるイタリアン百名店。オーストラリアのロゼワインをお供に平日のショートコースのランチをいただきました。コの字の大きなカウンターの真ん中に一人（笑）アミ...
SCALAE,"平日ランチ。人少なくて、お料理もゆっくり出てくるし、落ち着いて食事できた️Semi 1ドリンク付き　4,500円・イタリア シチリア白ワインキュソラ シャルドネ ヴィオニエ..."
SCALAE,そもそものリサーチ不足のため、ホテルの中にあるレストランということをまず知らず入り口を彷徨っていたところをお困りですかとドアマンの方に助けられ、予約より早く着いてしまったので先にトイレを済ませてお...
九州 熱中屋 伏見桃山 LIVE,近鉄桃山御陵駅と京阪桃山駅から近くて美味しいお店です。2021年3月14日、日曜日に来ました。店内は広くて素敵な落ち着くお店です。料理はすべて美味しくて最高です。五臓六腑に...
九州 熱中屋 伏見桃山 LIVE,近鉄桃山御陵駅と京阪伏見桃山駅の中間地点にある便利な立地のこちらのお店（JR桃山駅からはちょいと遠い）。数年前に職場の飲み会で２度利用しましたが、久しぶりに今回も職場の飲み会で利用しました。...
九州 熱中屋 伏見桃山 LIVE,料理は悪くなかったけど、特別美味しい！という印象ではなかったですなにより接客が最悪。話し方もぶっきらぼうで笑愛想もないです。とても残念でした。ドリンクは、九州の果実を使ったサワーやハイボールが...
九州 熱中屋 伏見桃山 LIVE,◆熱中屋のちょっと贅沢＠金のコース7品【2H飲放付】での利用彩野菜の盛り合わせ～自家製もろみ味噌で～旬のお造り三種盛り合わせ博多鉄板餃子ソフトシェルシュリンプの海老マヨ桜島鶏の...
九州 熱中屋 伏見桃山 LIVE,女子会で利用。熱中屋の名前の通り、お店の中は、活気であふれてました。お客さん、みなさん、美味しいお酒とお料理を堪能しながら、熱く語りあってる、ホットな居酒屋でした。鯖が新鮮！お刺身最高！でした...
九州 熱中屋 伏見桃山 LIVE,GW中の夜に来店。連休中で近辺で行きたいお店が満員で、やっとありついた夜ご飯。期待せずに行ったが、お腹すいていたこともあるが、どれも美味しい。個人的には、馬肉、サーモンアボカドなどの鮮魚肉も◎でオスス...
九州 熱中屋 伏見桃山 LIVE,お料理は風味の異なる3種の明太子の突き出しにはじまり、豊後の活サバ、博多のもつ鍋や鉄板餃子など、九州各地の料理が出てきます♪飲み物は芋をはじめ、麦や米などの焼酎や地酒がずらり、焼酎に関しては九...
九州 熱中屋 伏見桃山 LIVE,飲み会のあともう少し飲みたかったので私の希望でこちらのお店に行きました。注文したもの・博多の皮串10本・鶏むね肉の生ハム・居酒屋さんのアヒージョ明太子＆とり肉・クリームチーズ磯辺揚...
九州 熱中屋 伏見桃山 LIVE,N/A
九州 熱中屋 伏見桃山 LIVE,もつ鍋うまい！餃子うまい！
九州 熱中屋 伏見桃山 LIVE,店長さんの暖かいサービス、どれを食べても美味しいものばかり。正直他店の熱中屋さんより美味しかったです！コスパ最高！ありがとうございます
九州 熱中屋 伏見桃山 LIVE,バイトがデートかというくらいイチャイチャしていて、ダラダラ働いていた印象ご飯やお酒はコスパがいいということもなく普通
九州 熱中屋 伏見桃山 LIVE,飲み放題コースでしたが、焼酎が売り切れて無いと言われて残念でした。無くなるもんですかね…
九州 熱中屋 伏見桃山 LIVE,美味しかったが高いな
九州 熱中屋 伏見桃山 LIVE,鯖の刺身を食べれるお店です
九州 熱中屋 伏見桃山 LIVE,近鉄桃山御陵前駅と京阪伏見桃山駅のすぐ近くにあるこちらのお店。以前は別の居酒屋チェーン店でしたが、知らぬ間にこちらのお店が営業してました。今回は8名で「プライドコース8品飲み放題」で利用し...
九州 熱中屋 伏見桃山 LIVE,初めてお邪魔しました。寒いからお鍋で温まろうと思って入店したけど忙しいのか⁈直ぐに気づいてもらえず…ちと残念でした。おもしろそうなので最初の一杯は九州しろくまハイボールピン...
九州 熱中屋 伏見桃山 LIVE,2016  10月訪問京都の伏見桃山で飲むことになって訪れたのが『九州熱中屋 伏見桃山店』。活サバと餃子が旨い店とのこと。九州料理居酒屋ってくくりみたいやね。知らんかったけど全...
九州 熱中屋 伏見桃山 LIVE,2980（税抜き）のコースでお伺いしました。全7品のコースです。養老乃瀧の後にできたお店です。金曜の晩御飯時だったのでお客さんもなかなか入っていました。●食べ物・シメサバ:1人...
九州 熱中屋 伏見桃山 LIVE,昨年末、早めの時間から呑み友と某バーへご機嫌さんになったところでこちらにお誘いを受け訪問ですなんやら以前存在したチェーン店の居抜きやねぇおまけに入口には拘りが書いと～る・・・適当に...
九州 熱中屋 伏見桃山 LIVE,もともと、長くこの地で居酒屋『養老乃瀧』が営業していたのを、その閉店後にほぼそっくりそのまま居抜いた店。かつての『養老乃瀧』には地元の固定客も多く、安くてオイシイ、ボリューミーな料理の数々...
CICON by NOHGA HOTEL,清水寺の近くにあるCICONさんのホテルモーニングモーニングは朝7時〜10時（L.O.9:30）まで宿泊者以外の方も利用できます。※平日は予約可GW中で宿泊者の利用が多く席時間1時間のみだ...
CICON by NOHGA HOTEL,とても気になってお邪魔しました。平日限定のランチビュッフェいただきました。パンも美味しく、野菜主体のビュッフェが想像以上に美味しく、とても、いやとてつもなく大満足でした。季節によって変わる...
CICON by NOHGA HOTEL,内装もすごく可愛いくて、何よりも接客が素晴らしいです。全員のスタッフがすごく素晴らしい接客で本当に感動しました。パスタも悩んでいたら色々オススメもしてくれ苦手な食材も聞いて下さり友人と...
CICON by NOHGA HOTEL,メインを１つえらべるので今回は和牛ハンバーグにしました。すごく柔らかくてパンと相性がすごくよかったです。冷たいコーンスープがとてもおいしかったです。他にもミネストローネは、具沢山でした。...
CICON by NOHGA HOTEL,めっちゃくちゃ美味しかった！ありがとございます！ディナーコースとてもうまくて感動しました！ありがとございます、また今度起こします！スタッフの方が丁寧に優しくてありがたい感じになります、...
CICON by NOHGA HOTEL,やはりパンが美味しかった。おすすめは、ミニ食パンもちもち生地でふわふわ。ディップのマスカルポーネもgood^ ^野菜中心のイタリアン料理が食べ放題、ついつい取りすぎてやってしまった（笑）...
CICON by NOHGA HOTEL,友人とB 1CICONレストランで食事をしました。アラカルトで頼みました。まず店員さんの気遣いが素晴らしく嬉しかった^_^食べ物も前菜、サラダ、生ハムなどとても美味しく頂きました。メインも...
CICON by NOHGA HOTEL,めちゃくちゃ綺麗でおしゃれなホテルでしたのがホテルさんは東京でも見たことあるんですけど、こちらのルーフトップバーがかなり気になっていたので遊びに来ました。雨上がりでちょっと暑苦しい京都だったんですけど...
CICON by NOHGA HOTEL,平日限定のランチビュッフェに夫婦でお伺いしました。コスパの良いビュッフェ式ランチを探しておりましたところ、併設されているCICON Bakeryさんのパンもビュッフェ式に頂ける情報を見て、パン好き...
CICON by NOHGA HOTEL,ベーカリーの方で何回か利用したことは有るものの、レストランは初めてでした。今年4月から始まったという平日限定のビッフェ付きプランをオーダーしました。これがとてもよかったです。シコンベーカリーの...
CICON by NOHGA HOTEL,平日ランチのバイキング2980円に、行ってきました。私は今月のパスタ（貝柱とたけのこパスタ）＋300円相方はパンチェッタのカルボナーラ注文のときに分けますかときかれそうしたいと言ったらきれ...
CICON by NOHGA HOTEL,最近　同じお店のローテーションだったので久しぶりにイタリアンにと思い訪問新しくできたホテルで　海外の方が多い感じです雰囲気もよく　料理の味もサーブのタイミングも満足のいく内容でした...
CICON by NOHGA HOTEL,初めて行きました良き！の一言雰囲気良し味良しお料理のペース良し周りが外国の方が多く、いつもと違う雰囲気で食事を楽しめました料理も見た目も楽しめましたが味も私の口には...
CICON by NOHGA HOTEL,ディナーでお伺いしました。アラカルトでも注文できましたが今回はコースでお願いしました。お店の雰囲気はとてもよくスタッフの方も笑顔が素敵な方が多かったです。お料理はそれぞれの...
CICON by NOHGA HOTEL,CICON by NOHGA HOTEL️京都府京都市東山区五条橋東4-450-1 NOHGA HOTEL 1FＧＷの4日、ちょっとオシャレなレストランでランチ。屋外で食事も出来るので...
CICON by NOHGA HOTEL,落ち着いた空間で女子ランチや、お祝い事にも最適ですね！どれも美味しかったです。焼き立てのフォカッチャが忘れられない美味しかったです！！！暖かいパスタは量を聞いてくださり好みの量を頼めます。ご馳走様でした！
CICON by NOHGA HOTEL,友人と予約をして入店。ホテルだけあってすんごく上品でホスピタリティ溢れる空間で背筋がピッとなります。どこの席でもいいとのことでカウンターぽいダイニングテーブルのところに横並びで座り...
CICON by NOHGA HOTEL,NOHGA HOTEL(ノーガホテル) 清水 京都の中にある、海外観光客にも人気なレストランです。入り口からロビーにかけてグリーンが置かれ、中はシックなトーン、お部屋も含め随所にアートが飾られ、和...
CICON by NOHGA HOTEL,ランチで来店ホテルの中？のレストランで店内は高級感があって素敵季節のフルーツがはっさくだったからはっさくを使ったサラダが出てきた！すごくおいしかった〜お値段もそこまで高くないのでありがたい...
CICON by NOHGA HOTEL,ここのスタッフのホスピタリティが好きいつ伺っても丁寧立地の割にゆっくり出来るしパスタとかお肉とか2名とかで行くと取り分けて盛り付けてサーブしてくれるありがたいし些細な気使いが嬉しい...
CICON by NOHGA HOTEL,今回注文したのはたまごサンド(¥480)プレッツェルショコラ(¥330)1泊2日の旅行でしたが、朝食プランを付けずに泊まったので急遽1階のパン屋を利用しましたがおしゃれな空間で気分...
京都ダイナー,久々にワインをいただきに来ました♪実に2年以上ぶりに訪問。相変わらずの人気で、密にならないように席をとっていても、その席はほぼ満席ですね。シードルを皮切りに、デキャンタでおすすめのワイ...
京都ダイナー,平日でも15:00〜、土日祝日は12:00〜がっつりグランドメニューでワインが飲めるビストロ❗️主人と2人で鞍馬寺散策後に訪問。16:00〜カウンターにて。突出しはゴーダチーズのポートワイ...
京都ダイナー,なによりも15時開店という貴重さ!!喫煙者がいたので外のお席に。QRコードで注文したのは、ボロネーゼ、とうもろこしのキッシュ、フレンチフライ。どれも美味しかったですが、特にキッシュの中のクリー...
京都ダイナー,パテがとにかく最高に美味しかったです！前回は早めに行っても、食べれなかった人気のパテでしたが、リベンジで食べることができました！ワインはメニューにたくさん書いてある割に、置いてあるワインの種類...
京都ダイナー,友達の誕生日会で利用させていただきました。お店は楽しく話しやすい雰囲気で、サプライズプレートにも対応してくれました。ワインの種類が多く、ワイン好きな方にはピッタリだと思います。立地も錦市場...
京都ダイナー,料理は美味しかったし店の雰囲気も活気があって良かったです。ただし、大きいテレビがあったけど、普通にバラエティ番組流してるのが残念。テレビ必要かな？？頼んだ中ではエビのアヒージョがいちばん美味しかっ...
京都ダイナー,女子会で利用しました✨何食べても美味しかったです〜！雰囲気も良きですたくさん絶品グルメを紹介してるので、ぜひ参考にしてください→@nsn_gurume投稿の保存も是非【店名】...
京都ダイナー,良い感じの気軽なイタリアンを見つけたので訪店。色々なワインが気軽に飲める感じ。ローストビーフはお勧めみたいなので、マスト注文。後は前菜盛り合わせ、えびのアヒージョ、パスタを注文。後から知りましたが、ボ...
京都ダイナー,四条烏丸や錦市場からすぐにある人気肉バル結構早い時間から開いてるので、昼飲みやディナー前の0次会なんかにも使えるお店今回はお酒よりもガッツリ食事とはいえ暑い日だったのでとりあえ...
京都ダイナー,日曜日12時開店直後に入店。入店して20分ほどで満席になった。前菜の盛り合わせ初鰹の燻製鹿肉のサルシッチャ鹿肉のパイ包みローストビーフどの料理もとても美味しい。...
京都ダイナー,夜3名で利用。店内は清潔感があり、案内されたテーブルも広々としていました。食べ物はワインに合うものばかりで、特にローストビーフは柔らかく、大変おいしくいただきました。ワインの品揃えもおおか...
京都ダイナー,☑ ︎四条烏丸から徒歩5分のイタリアンバル☑︎ 焼きたてローストビーフが美味しい☑︎ 広めの席でゆったり昼飲みができる＿＿＿＿＿＿＿＿＿＿＿＿＿＿＿＿＿＿【本日のピックアップ】...
京都ダイナー,こちらはもう何度もお邪魔しているお店です。駅からアクセスもよく、いつもお客さんで賑わっています。フルーツの入ったスパークリングワインは見た目もおしゃれで、飲みやすくておすすめ。料理も何を頼...
京都ダイナー,・ローストビーフ何回行っても頼むくらい、柔らかさ絶妙で美味しい、ソースもお肉の味を消さないくらいの濃さ◯・いくらのポテサラいくらとポテサラの相性抜群・エビのアヒージョエビが大きくて...
京都ダイナー,ふらっと入りました。店内は外国人のお客さんもチラホラ。軽く飲むぐらいだったのでガッツリしたメニューは頼まなかったですが美味しかったです。雰囲気もいい感じでした。今時のQRコードで注文、クレジット決済で...
京都ダイナー,雨の中で通りかかって入りましたが予約の人がほとんどなので予約は必要だと思います。2200円で４杯分の樽生ワインを頼みましたが美味しかったです。おつまみは前菜盛り合わせは野菜ばかりでちょっと残念でしたが...
京都ダイナー,京都のバルと言えばここは外せない。気軽さとおいしさで安定感は高い。今回は元同僚との昼飲み。12時の開店からなだれ込む。カウンターに着席。オーダーは・定番の前菜盛り合わせ　1500円・サーモ...
京都ダイナー,いつも賑わってる京都ダイナーさん予約なしでも入れてラッキーいつもはカウンター席なんだけどテーブル席でもなかなか居心地良い注文はスマホでできるから遠くからすみませーん！がなく...
京都ダイナー,こちらは１５時オープンなので早い時間にお邪魔するのに大変ありがたいお店しかもネット予約ができるのも確実に席の確保ができてうれしいですねローストビーフを頼むほどお腹が空いていなくて前...
京都ダイナー,いつも混んでいるイメージのダイナーさんですが、この日はたまたま直前予約でいけました。この日は・サーモンとイクラのポテトサラダ・田舎風お肉のパテ・ダブルチーズオムレツ・海老のアヒ...
京都ダイナー,ワインと美味しいお料理を楽しめる人気店。グランドメニューも季節のおすすめもどちらも美味しいです。一押しはローストビーフ！お時間がかかるので、早めに注文することをおすすめします！...
京都ダイナー,ここは京都とは思えないほどのイタリアンスタイルのお店です。料理の種類も豊富で、どの料理も期待を裏切らないでしょう。鶏レバー、牡蠣鍋、ステーキを注文しました。二人で食べるのにちょうどいい量で、赤ワイ...
Hamburg Conel,◻︎スペシャルコース　2.580円・お好きなハンバーグ・本日の前菜・本日のスープ・パンorライス・本日のデザート・コーヒーorティーパテはプレーンorチーズソー...
Hamburg Conel,"○【Lunch】Fresh Pork Hamburg ～ハンバーグ京丹波高原豚100パーセントハンバーグ。数種のチーズをオリジナルブレンドしたとろけるチーズ。170g：1,540円・クリー..."
Hamburg Conel,お盆期間中に来店。ランチでもweb予約ができたのが助かりました。ハンバーグ(デミソース)とサラダとドリンクのセットを楽しみましたが、ハンバーグの大きさがちょうどよく味も美味しくて満足でした。ただ食後の...
Hamburg Conel,初めて入って食べました。軟骨ハンバーグとライスセットをいただきました。とても美味しく、特にデミグラスソースが濃厚でソースも残さずいただきました。デザートも美味しそうで次はセットでいただきたいと...
Hamburg Conel,近くのホテルに泊まっていたのですが、ここまで歩いてお腹が空いたので、ふらっと座りました。 妻は日本のバーガーを食べるのが初めてだったので、私は注文を手伝った。 二人とも柚子胡椒ソースを選びましたが、と...
Hamburg Conel,本日のスープ(ミネストローネ)オマール海老のビスクソース地下のお席に案内していただきましたずっと気になっていたお店なのですが、見た目だけじゃなくお味も美味しかったです♪ほぼ満席...
Hamburg Conel,店名が可愛くて気になってたお店です…！予約して行きました！並んではなかったですが予約したほうが安心だと思います。ハンバーグはマスタードクリームのソースにしました。前菜はカルパッチョで豪...
Hamburg Conel,阪急の河原町駅から近くてアクセスいいです。ランチで利用しました。コースだけのランチメニューでした。ハンバーグは肉汁ジューシーで美味しいです。ソースが選べました。前菜は季節の魚を使用していました...
Hamburg Conel,コース料理を頼みましたが、ハンバーグの種類やソースをお好みで選ぶことができ、また、サイドメニューやデザートも良いタイミングで出してくださるので、非常に満足でした！店員さんもお客さんのことをよく見て動い...
Hamburg Conel,友人とのランチで初めて利用しました。ハンバーグが美味しかったのと、ソースもバリエーションが豊富でよかったです。量もちょうどお腹が膨れるくらいでした。ランチのセットはスープ、ドリンクもついて...
Hamburg Conel,ダイエットのチートデーで訪問。友人との久しぶりの女子会であったため、店選びにまごつかないよう予約しました。11:00のオープン時刻に予約30分ほどは私たちグループのみであったので、座席...
Hamburg Conel,フットマップの番組を見て行ってみたくなりランチでハンバーグを頂きました！ソースが選べたので、クリームマスタードソース（白味噌+生クリーム）にしました！間違いなく美味しかったです！ミネス...
Hamburg Conel,土曜日の18時に予約をして来店。しかし、席に着くと19時半には次のお客様がいるのでご容赦くださいと…1時間半ではゆっくり食べれなかったです。せっかく予約をしたのにゆっくりできず残念。でも料...
Hamburg Conel,日曜当日予約で訪問。オマールエビソースのハンバーグとデミハンバーグ、季節のスープ、鯵カルパッチョを注文。スープは春キャベツで飲み始めは濃厚なのに後味がうすい。何かが足りない感じでした。鯵はやや臭み...
Hamburg Conel,ランチのコースを頼みました。定員さんの循環が悪く、食事のタイミングもかなり待ったのであまりいい印象はありません。ハンバーグはソースやトッピングなど自分の好みで注文できるのでいろんな味を楽しめるかと思い...
Hamburg Conel,自宅近くで気になっていたお店にランチで行ってきました。ポークのハンバーグは美味しいのか？と懐疑的だったのでなかなか足が向かなかったのですが、一口食べたらもっと早く来てたらよかったのにーと思うほど美...
Hamburg Conel,今日は家族揃ってランチをいただく事になりハンバーグを食べたいと言う息子のリクエストで予約を入れて訪れました。案内していただいたテーブル席に座りメニューを拝見、先ずは２種類あるパテより「プレーン...
Hamburg Conel,雲丹ソース最高！！！美味しすぎて最後お皿舐めたいぐらいやった(๑>◡<๑)パテもポークであっさりしてて、170g大きいかなーと思ったけどぺろっと完食(๑˃̵ᴗ˂̵)木屋町にこんないい店あっ...
Hamburg Conel,阪急河原町駅からすぐ高瀬川沿いにあるHamburg Conel さん。GWということもあり、ランチは満席。伺う際には事前に予約するのがベストです。今回は、パテがプレーンでオマール海老のビスクソ...
Hamburg Conel,ランチを予約していきました。サラダもとても美味しく、ハンバーグもジューシーでおいしかったです。オマール海老のビスクソースとデミグラスソースを選びました。個人的にパンにはデミグラスの方がより...
Hamburg Conel,京都旅行のランチで伺いました。ハンバーグがとにかく美味しい！！一つはチーズハンバーグにデミグラスソース。もう一つはノーマルハンバーグにオマール海老のソース。どちらも温泉たまごをトッピングしまし...
Hamburg Conel,コースPrix Fixe Courseを予約ドリンク、前菜→スープ→メイン（ハンバーグ）、パン/ライス→デザート、コーヒー/紅茶の流れでしたが前菜、メインのハンバーグはいろんな種類から選ベ楽しめま...
ブラッスリー・コントワール,うまい！うますぎます。ゆったりピアノのジャズ？が流れる店内はリラックスできる雰囲気です。他の客との距離が近いので普通に喋れば聞き取れますが、それも気にさせやい雰囲気があります。...
ブラッスリー・コントワール,平日のラストオーダー40分前⁇くらいの予約で伺いましたので店内はゆったりしておりました♪お掃除が行き届いた素敵なな店内で　気持ち良くお食事ができますまずは　泡で乾杯からの...
ブラッスリー・コントワール,京都 JR西大路駅前　ブラッスリー・コントワールキッシュランチプレート食べログの口コミポイントが軒並み高評価だったので、かなり期待値高くして訪問です。時刻はオープン直後の11:35頃。先客は...
ブラッスリー・コントワール,頼んだもの全てハズレなし。お店の雰囲気もすごくよかったです。めちゃくちゃ居心地がよかったのと、キッシュの美味しさに感激したことでワインがすすみ、飲みすぎてしまいました笑いっしょにお伺い...
ブラッスリー・コントワール,初めて入店した時の「キッシュ」の美味しさにビックリしました。こんな場所に本格的な「キッシュ」が食べられるなんてと思いました。会社から近く何回も行っています。生き続けるとメニューも少しかわり楽しみのひと...
ブラッスリー・コントワール,西大路駅からすくのこちら。このあたり、以外にお店が少ないのて駅近くで便利。お店はカウンターと二人がけのテーブルが２つで基本、二人以下で。12席ほどの小さなお店。お料理の...
ブラッスリー・コントワール,よく話題には上がっている我が家からほど近いビストロフレンチのお店。ランチとテイクアウトでのキッシュのご紹介。正直、このタイプのお店って京都は得意ですから(笑)、全国的にみてもlevel...
ブラッスリー・コントワール,（ブログからの投稿です）今日は、JR西大路駅の近くにある、フレンチ系のお店へランチに行きました。■Brasserie Comptoir（ブラッスリー・コントワール）焼きたて...
ブラッスリー・コントワール,京都に仕事でやって来たので、近くにあったお目当てのラーメン屋に来たら臨時休業！どうしようかな？と悩む間もなく隣に美味しそうなお店があるのに気付いた。調べてみたら評価も高いのでラッキー♪て事...
ブラッスリー・コントワール,テイクアウトでは食べたことがあってとっても美味しかったこちらのキッシュ*°♡コロナもあけたからお店にいってみたよー⸜( ´ ꒳ ` )⸝もちろんキッシュは必須で*°♡*°♡*°♡...
ブラッスリー・コントワール,今日のランチは、「ＢｒａｓｓｅｒｉｅＣｏｍｐｔｏｉｒ（コントワール）」。JR西大路駅前にあるイタリアンレストラン。間口が狭く目立ちませんがおしゃれです。細長い店内はＬ字のカウンター...
ブラッスリー・コントワール,"JR京都線「西大路」駅から徒歩30秒くらいのところにあるお店です。自分が好きな""キッシュが名物""ということと、雰囲気もアットホームな感じで気になっていたので、ランチでお邪魔してきました！☆..."
ブラッスリー・コントワール,キッシュ美味しかった。コーンポタージュのジュレみたいなもの、チーズフライおしゃれで良き。そこまで高くないし、満足した。
ブラッスリー・コントワール,【京都ランチ】出来立てあつあつのキッシュが名物のフランス風居酒屋「ブラッスリー・コントワール」
ブラッスリー・コントワール,N/A
ブラッスリー・コントワール,N/A
ブラッスリー・コントワール,N/A
ブラッスリー・コントワール,N/A
ブラッスリー・コントワール,N/A
ブラッスリー・コントワール,N/A
ブラッスリー・コントワール,N/A
炭焼 やないの,カウンターでいただきました。どの料理も本当に美味しくて、全て食べたいくらいです。笑四条河原町と交通の便も良いので、また行きたいと思います。ごちそうさまでした！！ありがとうございました！...
炭焼 やないの,・串1本数百円〜とリーズナブルな価格設定・他にもお造り、一品、肴等、お酒に合うメニューが豊富、日本酒が飲みたくなること必至・山椒、茗荷、生姜といった変わり種サワーも注目！・2階の座敷は5名...
炭焼 やないの,メニューは豊富でお酒のメニューも良かったです。価格もリーズナブルだと思います。カウンターに荷物置きがあればもう少し良かったかも。エリアは繁華街のど真ん中なので使いやすい、フラッとたちよりたいお店でした！
炭焼 やないの,四条河原町OPA裏あたりにある炭焼やないのへ行ってきました。アクセスは四条河原町から徒歩で行くのがおすすめです。注文したメニューと評価は鯖の串焼き、紅生姜豚巻き、牡蠣すだちポン酢、子持...
炭焼 やないの,串焼きのお店なので当然と言えば当然ですが、串焼きが何を頼んでも美味しく、一串一串、味わいながらいただきました。ゆっくり飲みながら、次はなんの串にしようと吟味する時間がまた堪らない(笑)お通しのお新...
炭焼 やないの,母校の応援の後に四条河原町でぶらぶらしてから、昼呑みに寄りました。人通りが多くて店もいっぱいかと思いましたが、お昼のピーク時間を過ぎていたのかすぐに入れました。煙草が苦手なので、2階の席に通しても...
炭焼 やないの,京都河原町駅から徒歩3分でアクセス良好です1階は、カウンターで2階は、座敷です。料理は、メニューも豊富でどれを選んでもとても、おいしかったです。鮭ハラミも脂がしっかり乗っていて...
炭焼 やないの,"京都　河原町　炭焼　やないの@sumiyaki_yanaino今回はふと通りがかった""炭焼きやないの""にいってきました！注文した料理全部美味しかったけど炭焼きが特に美味しかったで..."
炭焼 やないの,全部美味しかった！！特に牡蠣の串。絶対食べて欲しいです☺️お通しのお漬物？も美味しかった。2階が半個室みたいな感じになっているので次はそっちがいいなの気持ち。スタッフさん...
炭焼 やないの,お造りや串焼きがある小料理屋さん。日本酒も各種。とても美味しい。ただ、値段もそれなりに高い。お造りいただく。鯛、ヨコア、いさき。880円から980円。いい値段。いずれも熟成されていて味わいがあ...
炭焼 やないの,初めての訪問！牡蠣美味しすぎて2本目注文^ ^車海老も殻からそのまま食べれるカウンターだったのですぐ注文できて飲み物も待つ必要なし！何回か予約なしのお客さん断られていたので予約したほう...
炭焼 やないの,２回目のやないのさん。やっぱりこの鮭のハラミ、鯖焼きは外せなかった！めちゃくちゃおいしい。この時期はちょうど大きなアスパラの天ぷらもありました。食べ応えあり、サクサクあげ具合が最高でした。リピートした...
炭焼 やないの,休日1615 待ちなし休日の夕方。お昼は軽く食べただけでお腹が空いてきました。中途半端な1615。まだ飲み屋は空いてない時間帯ですが、ふらっと歩いていたらオープンしている串焼きのお店があったの...
炭焼 やないの,初めて来店。海鮮炭焼きは珍しくて気になっていたお店。鮭ハラス、鯖の炭焼き脂たっぷりのっておりほんとにおいしく、これはここに来たら必須になりそうな逸品たち。お野菜の炭焼きも野菜の旨味が感じられました。お...
炭焼 やないの,"柳小路北側の本店【おこし】から徒歩数秒、焼鳥に続く2号店は本店の""もも串""に対して、肉厚の""鯖串""が名物。定番の魚介もひと仕事を施し炭焼きすることによって、見事なまでに酒肴に昇華。ふっ..."
炭焼 やないの,その辺りをウロウロしててまだ入った事なかったので行ってみる事に。海鮮メインの炭火串焼きのお店かな？アラカルトも沢山ありましたが、とりあえずお造りの盛り合わせ、海鮮や野菜の串焼きを...
炭焼 やないの,京都市中京区(阪急 京都河原町)炭焼やないの。♡造り盛合せ【ハマチ・鯵・牡丹海老】♡炭焼エレベーター表面カリカリ中は、滑らか♡【炭焼串】鯖 昆布〆旨味しっかり♡【炭焼串...
炭焼 やないの,海鮮系の炭焼やないの大人の居酒屋さんって感じでカウンター8名でゆったりした雰囲気で、二階はお座敷で丸テーブル2卓8名で落ち着いた雰囲気！料理はその日の仕入れた新鮮な魚介類のお刺身や炭焼で鯖昆布...
炭焼 やないの,メニューが豊富で美味しそうなのが多いのと当日予約が出来たので来店。カウンターでショーケースから見えたのはよかったです。（それきっかけで頼みました。
炭焼 やないの,6名で遅めの新年会で初訪問。2階のお座敷でした。2階にはお部屋が1つしかないので、ワイワイさせていただきました。炭焼きやお刺身盛り合わせ、マカロニサラダや唐揚げなど色んなお料理を注文したんです...
きわみ saredoフレンチトーストかふぇ,京都駅から徒歩圏内。2階にあるお店で、階段を登るとラグジュアリーなシャンデリア。アンティークでお洒落な雰囲気もありますが、ベースは京都らしい古民家でとっても落ち着きます。ドライフラワーもたくさんで可愛...
きわみ saredoフレンチトーストかふぇ,京都駅近くの割に混んで無いので良い暑い京都の夏どうしてもかき氷食べたくなりとてもご近所でそういえばかき氷やってたと思い出し伺いました。かき氷は2種類苺系と抹茶悩んで抹茶にしました。...
きわみ saredoフレンチトーストかふぇ,フレンチトーストが人気のお店の様ですが、暑い日だったので氷の旗に惹かれて入ってみました。町家をリノベーションしたオシャレな雰囲気で皆さんフレンチトーストを食べてお茶してる様でした。...
きわみ saredoフレンチトーストかふぇ,ふら〜〜っと入ったフレンチトースト屋さん階段をあがるとドライフラワーにやわらかい空気感クロックマダムセットを注文マダムはクロックムッシュに目玉焼きミニフレンチトーストとデードリンク...
きわみ saredoフレンチトーストかふぇ,"「""極""フレンチトースト」をいただきました。定番のフレンチトースト、キャラメルブリュレトースト、フランスパンのフレンチトーストの3種が乗ったプレートです。メープルシロップ、溶かしバター、ホイッ..."
きわみ saredoフレンチトーストかふぇ,西本願寺の東側100m位の、フレンチトーストのお店　きわみさん。お昼の時間帯だっので、ランチメニューのクロムッシュセットで。ドリンクとデザートもついてるデザートは、ミニフレンチトーストだた。ドリン...
きわみ saredoフレンチトーストかふぇ,近くに寄ったため来店。階段下に看板があるだけなので通り過ぎそうになりました。お店は2階にあり木造の落ち着いた雰囲気のお店でした。フレンチトーストがふわふわで美味しかったです。（写真撮り忘れました…...
きわみ saredoフレンチトーストかふぇ,平日の14時頃伺いました。店内は1組のみで空いていました。クロックムッシュセットを注文。美味しいけど普通かなぁ。量もそんなに無いのでコスパ良いとは言えないかも？店内の雰囲気はよかったですが、テ...
きわみ saredoフレンチトーストかふぇ,"【京都駅】近くでオススメのフレンチトースト専門店京都駅から徒歩5,6分店内はシャンデリアが飾られていてお洒落でした！期間限定の『贅沢苺とシューのミルネージュフレンチトースト（1..."
きわみ saredoフレンチトーストかふぇ,京都駅から徒歩圏内のフレンチトーストカフェ行って来ました〜.｡.:✽・ﾟ＋.｡.:✽・ﾟ＋.｡.:✽・ﾟ＋.｡.:✽◆注文内容◇桜苺ミルフィーユフレンチトースト単品 ￥1290...
きわみ saredoフレンチトーストかふぇ,chocolate & strawberry フレンチトースト 1390円フレンチトーストが名物のカフェバレンタインシーズン限定のフレンチトーストを注文。フレンチトーストの上に...
きわみ saredoフレンチトーストかふぇ,苺とシューのミルネージュフレンチトーストカフェラテフレンチトースト専門店でフレンチトーストを♪前回はパフェを食べたから次こそはフレンチトーストを食べたい‼︎とまずはいち...
きわみ saredoフレンチトーストかふぇ,"苺とシューのミルネージュフレンチトースト価格：1,580円 (drink set)ふんわりじっくりと焼き上げたフレンチトーストの上に、サクサクのパイ、クッキーシューと苺、苺、苺❣️..."
きわみ saredoフレンチトーストかふぇ,京都駅から少し歩いた場所にある穴場カフェでランチ✨フレンチトースト専門店でスイーツから惣菜系まである！今回はランチでお伺いしてランチセットに！☑︎クロックマダムセット...
きわみ saredoフレンチトーストかふぇ,京都駅から歩いて行ける場所にひっそりとあるお店。「こんなところにこんなお店があったなんて！」と思いました！こちらのフレンチトーストなどが美味しいとの噂を聞き、食べに行ってきました♪...
きわみ saredoフレンチトーストかふぇ,フレンチトースト専門店きわみさんで頂いた、林檎の塩キャラメルバターナッツ シナモンフレンチトースト。コンポートされた林檎丸ごとと、バニラアイス、シナモンのきいたフレンチトーストとの相性が抜...
きわみ saredoフレンチトーストかふぇ,京都タワーに登った後に、訪問しましま。フレンチトーストにたっぷりシロップかけて美味しく頂きました。フワフワでなかなか美味しかったです。店内は、シンプルで居心地よい感じで、ゆっくりできていい感じ...
きわみ saredoフレンチトーストかふぇ,今回は、京都七条烏丸から西に歩いたところにある【きわみカフェ】に伺いましたฅ•ω•ฅきわみカフェ@kiwamicafe店内は2階に上がるとすぐ大きなシャンデリアがあり、ドライフ...
きわみ saredoフレンチトーストかふぇ,ハロウィンフレンチトースト「きわみsaredo フレンチトーストかふえ」にて⁡京都駅から歩いて行けるフレンチトースト専門店です。春にも行って美味しかったからまた行けて嬉しい。⁡...
きわみ saredoフレンチトーストかふぇ,【きわみsaredoフレンチトーストかふぇ】@kiwamicafe京都府京都市下京区七条通油小路東入大黒町234　2F濃厚卵と旨味が濃縮された南信州の牛乳で作る絶品...
きわみ saredoフレンチトーストかふぇ,今しか楽しめない❤️ハロウィン風絶品フレンチトースト‼️‼️【きわみsaredoフレンチトーストかふぇ】@kiwamicafe京都府京都市下京区七条通油小路東入大黒町234　2...
天ぷら 天寅 新風館店,ランチで利用。カウンターで1人でも入りやすい雰囲気のお店です。ホールの店員さんは不慣れな感じでお冷を持ってきてくれるのもゆっくりでした。天丼を注文。新風館他のお店に比べるとリーズナブルな感じはしますが...
天ぷら 天寅 新風館店,天ぷらがメインの店なので、各種色々な天ぷらを頂きましたが、どれもこれも、具材が大きかったです♪食べ応えがあって良かったです！個人的には天ぷらに岩塩をつけて食べるのがオススメです店内...
天ぷら 天寅 新風館店,"ランチで訪問。天寅特製　天丼セット　1,200円セットと言っても、お味噌汁と漬物が付くだけです。天丼の具は具沢山でした。海老、かしわ、野菜が4種類に、珍しくちくわの天ぷらものってい..."
天ぷら 天寅 新風館店,ランチで利用した天ぷら屋さん。京都烏丸付近の商業施設新風館の中にあるお店。ランチのセットがおすすめ。単品で頼むとかなりの値段がするものがお得に食べれます。天ぷらと質もかなり高く、一品一品の...
天ぷら 天寅 新風館店,行列も落ち着いた14時くらいに伺いました。天ぷら定食は色々な具材が盛り合わさっておりとても豪華！とくにおでん大根は味が染みて美味しかったです。・えび・鳥・鱚・ナス・おでん大...
天ぷら 天寅 新風館店,"京都 烏丸御池　天ぷら 天寅 新風館店天寅名物 天ぷら定食　￥1,400.-天ぷら屋さんの天ぷらが食べたくなって、天寅さん訪問しました。新風館内に出店しているだけあって、なかなかカジュアルな..."
天ぷら 天寅 新風館店,日曜日のお昼にかかわらず割と早く入れたのですが注文してからかなり待ちました。名物のさつまいも天ぷらが低温でじっくり1時間揚げると書いてあるのでその注文が入るとそれに時間取られるのかも。回転率が悪い...
天ぷら 天寅 新風館店,京都観光の最中、新風館に立ち寄りたくなって、またこちらの天ぷら屋さんを紹介しているインフルエンサーの意見に影響されて入店。とにかくさつまいもの天ぷらが美味しかった。また、おでんの天ぷらという独特な天ぷ...
天ぷら 天寅 新風館店,京都旅行中おしゃれな商業施設内でランチ。女性向けっぽい推され方の、ヘルシー欧風天丼を注文。アボカドやチーズの天ぷらが特に美味しくて、量も腹八分目でちょうど良かった。玄米との相性も良く、コスパも...
天ぷら 天寅 新風館店,先ほど向かいのお店で串を食べたのですが、このお店にはたくさんの人が並んでいたので、特に注目してみました！日曜日の早めに行きましたが、並ばないことを願っていました。幸いなことにまだ席はあります。料理はと...
天ぷら 天寅 新風館店,人気ランキング通り、さつまいも、大根の天ぷらが1番美味しかったです。ランチはセットがあって良さそうですが、夜はないので単品を色々頼む必要があり、ややボリューム多めに感じました。早くてボリューミ...
天ぷら 天寅 新風館店,オープン直後に入店しました。前回美味しかったので、今回も「天寅名物　天ぷら定食」を食べました。揚げ立て熱々天ぷらが美味しかったです。名物のさつまいもの天ぷらも、おでん大根の天ぷらも美味しか...
天ぷら 天寅 新風館店,この価格でこのクオリティは、ホントにスゴイ。揚げ立てサックサクで、タネの大きさも味わいも最高。そんなに高いお店には行ったことないけど、これだけ美味いのならこれ以上高いお金を払う意味がわからなくなってく...
天ぷら 天寅 新風館店,1番おすすめと書いてあった定食をいただきました。天ぷらはエビ、キス、鶏、さつまいも、おでん大根、野菜二種です。衣が薄めで食べやすいです。適当な蕎麦屋の天ぷらより100倍おいしい。キスはほわ...
天ぷら 天寅 新風館店,"日曜の1時でしたが、すんなり入れました。揚げたての天ぷら〜♪特に分厚いさつま芋は中がトロッと甘くて幸せ╰(*´︶`*)╯♡ランチではご飯やお味噌汁がおかわりできるみたいでした。日曜のランチ1,40..."
天ぷら 天寅 新風館店,京都の最後のお昼。オマール海老天の看板を見て入店。スパークリング日本酒「松竹梅澪CLEAR」は、香り華やか低アルコールで、乾いた喉にグッと一気にいける。美味しいです。天ぷらは単...
天ぷら 天寅 新風館店,"天麩羅の衣が重たい…。もっと軽い天麩羅だと良いのに。外国人向けの天麩羅屋ってイメージかな。天麩羅定食1,400円。この値段でこの味ならもう行くことは無いかな。大根の天麩羅は..."
天ぷら 天寅 新風館店,"祇園祭の当日だったので人も多く、開店してすぐ並んだのですが、回転率がとても悪いのか結構待ちました。名物天ぷら定食 1,400円＜大海老天ぷら(大海老・鶏・鱚・名物さつまいも、おでん大根、野..."
天ぷら 天寅 新風館店,"お昼ご飯は、天ぷら〈京都府京都市〉11時予約〈ご会計〉9,100円税〈オマール海老一本天ぷらトリュフ塩で〉1,900円×2〈オマール雑炊〉500円〈汲み上げ湯葉わさび醤油で〉4..."
天ぷら 天寅 新風館店,お昼12時前に行きましたので、予約なく直ぐに入れました。お友達を待って表に居たら、声をかけてもらい、席を確保出来ました。「天寅名物　天ぷら定食」を食べました。ホクホクでトロっとしてクリーミ...
総本家 媽媽菜館 六花,店員さんもみなさん優しくて、とても美味しくいただけました！ワンタン麺を出すタイミングを確認してくれたり、お会計が終わった後にいただいた凍らせたゼリーも、外が暑かったのでとても嬉しく思いました！また近く...
総本家 媽媽菜館 六花,から揚げ定食を食べました。とてもおいしかったです。から揚げがとてもでかくておいしいし、ご飯もおいしい。餃子もおいしいです。コスパよくガッツリ食べることができたので満足。黒いチャーハンもおいしかったです。
総本家 媽媽菜館 六花,学生の街にある気軽に入れる台湾料理屋さん当日予約で入れたので来店今回は前菜四種盛ミニ丼と海老ワンタン麺セット醤牛肉を注文日本人向けに癖もなく普通に美味しく頂きました...
総本家 媽媽菜館 六花,レバニラと餃子をいただきました。ご飯が玄米で体によいな〜と思って美味しくいただきました。定員さんの対応が親切で気持ちよく美味しくお昼ご飯をいただくことができました。下鴨神社の参拝の後に行ってよ...
総本家 媽媽菜館 六花,油淋鶏食べました。美味しかったです。定食をいただいたのですが、玄米で驚きましたが美味しかったです。百万遍にしては高めな気もしますが、ボリューム満点でした。一緒に行った人は餃子を食べていましたが、美味し...
総本家 媽媽菜館 六花,京大近く、出町柳駅に続く裏道沿いにある異国情緒漂う台湾&四川のお店〜こちらは夜に伺いましたが、昼夜ともに学生さんには、有り難いリーズナブルなお値段設定にしては、本格的中華です。何と言っても品数の多...
総本家 媽媽菜館 六花,初詣で下鴨神社に行く前にランチで伺いました。海老ワンタン麺は優しい味付けで美味しく頂きました。大海老のチリソース、大海老マヨ共に満足。私的には大海老マヨが好き。イベリコ豚餃子は普通...
総本家 媽媽菜館 六花,夜に大人数で来店。初めての訪問でした。僕は油淋鶏定食と小籠包を注文。どちらもとても美味しかったです。他にも、お得なセットとかはすごい量の唐揚げもついてきていて満足感たっぷりそうでした。ご馳走様でした。
総本家 媽媽菜館 六花,大学のお昼休みに初訪店しました。油淋鶏定食ご飯のおかわり無料は学生にとってはとても嬉しいサービスでした。友達が豆花を頼んでいたので少し頂いたのですが、グラノーラが入っていて新しい食感で...
総本家 媽媽菜館 六花,満腹に食べれる中華（台湾）料理店。鶏肉使ったメニューがボリュームあってよき。今回は、ユーリンチー定食１０７８円に餃子１人前３０８円つけました。煮物と杏仁豆腐とスープもついてきます。ご飯は玄米ご...
総本家 媽媽菜館 六花,台湾料理店を探して百万遍周辺を散策。偶然見つけた六花という店に入って腹ごしらえ。ランチセットを頼んだうえで、ナスの一品と餃子を注文。ナスは予想外の味で、セットと共にとても美味しくいただきました。餃子は...
総本家 媽媽菜館 六花,京都って、神戸で中華をよく食べてる私もびっくりする美味しいお店が時々あります。ここは、百万遍の交差点からすぐ、オープンが11時半で私的にちょっと微妙だったので初めて入りました。お店がオシャレ！...
総本家 媽媽菜館 六花,豆花¥495初めての豆花。トッピングはクコの実、小豆、白玉、タピオカ、グラノーラ？さらにはシロップ。豆花自体は、滑らかであるが詰まった豆腐みたいな舌触り。甘みはないのでトッピングとごち...
総本家 媽媽菜館 六花,木曜の20:50頃訪問しました。２階は満席らしく、初めて１階カウンターに通していただきました。●イベリコ豚餃子定食 880円普通に美味しい餃子でした☆唐揚げも付いていてよかったです。...
総本家 媽媽菜館 六花,台湾ラーメン（名古屋ラーメン）¥825名前は、台湾料理「担仔麺」を元に台湾の方が作ったラーメンが名古屋で生まれたため、台湾・名古屋が共存しているらしい。ミンチ肉はしっかり味がついていて美味...
総本家 媽媽菜館 六花,平日の17:55頃訪問しました。一人でしたが１階カウンターではなく、２階に案内してくださいました。２階の先客は２組。●六花セットＡ 980円税別○牛焼肉ちゃんと焼肉用のお肉でした☆タレ...
総本家 媽媽菜館 六花,「学校帰りに寄るこの中華店は、日々の疲れを癒す絶好の場所です。その魅力はただ美味しいだけでなく、思い出と共有の時間を作り出してくれます。特に、学生証を提示するだけで100円引きになるサービスは...
総本家 媽媽菜館 六花,平日のランチに伺いました。ランチタイムはお得なセットも複数あるのですが、単品メニューがとても豊富だったので、そこからお店一番人気の餃子と豆花をチョイス。餃子はレモン塩や餃子用のタレでいただ...
総本家 媽媽菜館 六花,六花イベリコ豚餃子定食860円。ライスおかわり自由。餃子の餡の味がしっかりついてる。餃子のタレより、オススメのレモン塩の方が美味しかった。唐揚げがメニューの写真より大きい。下味がついててサクサクで美味...
総本家 媽媽菜館 六花,学生街、百万遍にしては少しお高めの値段設定。コース料理などもあるようデス。今日は魯肉飯を実食。590円なり。柔らかめのご飯にスパイスがよく効いた肉、半熟卵。よい。サイズ感は牛丼の並盛より少し小...
大衆焼肉ホルモン 天陽,山科で人気の焼肉屋さんです(^^)黄金の牛さんが目印！よしよししたら運気上がりそう★お店はいつも賑わってますので予約したほうがいいかも(^^)人気店ならではですね！こち...
大衆焼肉ホルモン 天陽,名物の牛タン、おいしかったです！子どもは会員になると、ドリンク、デザートが無料で、おもちゃももらえました。子ども用の食器も用意していただき、子連れには利用しやすいお店でした。席が時間制のため、あっ...
大衆焼肉ホルモン 天陽,お肉美味しかったですが、名物ネギ巻き牛タンめちゃ美味しかったけど、小振りな上に１個当たり３００円少しで高めには感じました。記念で１個～２個食べるくらいだなって。塩たん５枚くらいは食べたくなるタイプ...
大衆焼肉ホルモン 天陽,大衆焼肉ってなってますけど肉のおいしさは大衆じゃない、どれも美味しかった✨＼注文したメニュー／和牛炙り寿司（ウニのせ・イクラのせ ）肉汁たっぷりねぎネギタン5秒ロース極...
大衆焼肉ホルモン 天陽,"ーーーーーーーーーーーーーーーーーーーーーー食べたもの・肉汁たっぷりネギねぎタン（1巻）　¥328・超新鮮厚切りレバー　¥1,098・極厚タンもと　¥2,088・厚切りタン　¥1,..."
大衆焼肉ホルモン 天陽,【大衆焼肉ホルモン 天陽】生食提供もしているリーズナブルで美味しい焼肉屋さん❤️‍◎肉汁たっぷりねぎネギタン　1巻¥299天陽名物の自慢の逸品✨15巻の迫力最強❤️‍黒牛の...
大衆焼肉ホルモン 天陽,週末は予約しないと入れない繁盛店です！やっと行けました。笑メニュー豊富で、おすすめから選んで注文しました。やっぱり名物のネギ塩たんが美味しいです！！その他、酢もつが絶品でした！！どれも新鮮...
大衆焼肉ホルモン 天陽,京都山科にある大衆焼肉ホルモン 天陽へ行ってきた！駅から近くてリーズナブルに食べれる！今回はオススメ中心にオーダー！・肉汁たっぷりねぎネギタン 15巻・極厚タンもと・肉...
大衆焼肉ホルモン 天陽,最近さらに焼肉屋が増えた山科。何年か前のOpen直後に伺って再訪。平日でも予約必須で当日は予約で満席との表示がありました。近江牛の全体的にコスパ良い焼肉屋さん。スタッフの若い人達は皆んな元気良...
大衆焼肉ホルモン 天陽,こちらの名物でもある黒毛和牛を使ったねぎたん　いろんなお店でねぎたんは食べたけど　こちらのお店のねぎたんは別格　見た目から全然違うくて　ここが発祥なのかな？　ここにきたらねぎたんは絶対食べてね　その他...
大衆焼肉ホルモン 天陽,このお店のねぎタンのお写真をSNSで見て、ねぎタン好きとしてはぜひ行きたい！と2週間ほど前に予約をして行きました。気になるお肉色々とユッケなどを注文。楽しみにしていたねぎタンは焼いている途...
大衆焼肉ホルモン 天陽,ねぎタンが気になっていて来店しました。食べてみると思っていたのとは違って、なかなか噛みきれず少し残念でした(　߹꒳​߹ )厚切りタンは普通に美味しいなという感じです。ホルモンやすき焼きロースは美味しく...
大衆焼肉ホルモン 天陽,牛タン好きとして前々から行きたかったお店についに行けました。これを食べにきました。大人男2人で24個食べました笑牛タンにネギが包んであるので0カロリーです。食べやすいので、どんどん...
大衆焼肉ホルモン 天陽,天陽名物！黒牛の生タンの中にたっぷりのネギを包んでます。ネギたんは食べると肉汁溢れる最高の一品でした♡天陽でしか食べられない贅沢とろとろユッケの肉とろてっさも必須です！滋賀 / 山科...
大衆焼肉ホルモン 天陽,⭐おすすめ利用シーン1. 友人とのグループディナー天陽のカジュアルな雰囲気は、友人と楽しい夜を過ごせそう。2. 職場の飲み会や歓迎会広いテーブルと賑やかな雰囲気は、職場の集まりにも...
大衆焼肉ホルモン 天陽,"インスタやTikTokで話題なので、一人焼肉〜しました肉トロてっさ1,098円税込ねぎネギたん二段3個986円税込すき焼きカルビ　卵黄ダレ付き　768円税込ジンジャーハイボール65..."
大衆焼肉ホルモン 天陽,ユッケがエロい❤️初めて1人で訪問。ホルモンと書いてたので、とりあえず名物のタンや、ホルモンを注文。ユッケのポップがめちゃ美味しそうだったので頼んだら…何ですか❓これ❓後光が差...
大衆焼肉ホルモン 天陽,料理の提供も早く、定員さんの対応も良かった。どの料理も美味しい。レモンサワーにもたくさんの種類があるため楽しむことができた。ハラミが特に美味しかった。ユッケも美味しい。次回はホルモン系に挑戦したい。ま...
大衆焼肉ホルモン 天陽,前から行きたかったお店の1つで、タイミングが合い子供たちと予約して来店しました。名物のねぎタンはピラミッドのように盛り付けられ、中のネギもすごく美味しく、みんなとても喜んでました♡来店までは写...
大衆焼肉ホルモン 天陽,どうしてもここのタンが食べたくて行ってきました。想像してたより小さくて(ちょうどいい1口サイズ)他に目当てがなければ2人で20個いけたかな(   ᷇࿀ ᷆  )中にねぎ塩たっぷりで美味しか...
大衆焼肉ホルモン 天陽,京都で寺社巡り。大阪から京都は1時間弱で行けちゃいますが、たまに泊まると朝から晩まで楽しめますね！普段、足を伸ばさない伏見～山科まで。ディナーは焼肉です♥️...
ツバクロ すっぽん食堂   京都店,すっぽん料理屋はお高いイメージでしたが、こちらはリーズナブルにいただけるので、すっぽん初心者やお手軽に食べたいという人にお勧め。1人だったので、鍋は頼まず本日のお勧めアラカルトをちょこちょこ頼み、日本...
ツバクロ すっぽん食堂   京都店,良い場所にあり、鴨川を見下ろせるロケーション✨2人で来訪しました。注文は、スッポン鍋一人前とアラカルトのすっぽん唐揚げ、もつ煮込み、銀杏揚げ、浅漬けなどを。つきだしも一品ついていました。...
ツバクロ すっぽん食堂   京都店,名古屋から二条城のマッピング見に行ったあとでこちらへ時間が読めなかったのでギリギリで食べログ予約。こちらでゎこっぺ蟹『金沢とか、福井では香箱カニ』どぉしても、食べたくて予約のとき、注文しておき...
ツバクロ すっぽん食堂   京都店,リーズナブルで、すっぽんが楽しめるお店です。一品料理も豊富にあり、たくさんのすっぽん料理を味わえます。店内は広く、また隣りとの席も離れていて、掘りごたつなのもあって、広々と使えます。...
ツバクロ すっぽん食堂   京都店,知り合いがすっぽん食べたいと初のすっぽん食べましたコラーゲンぶるんぶるん好み分かれます
ツバクロ すっぽん食堂   京都店,すっぽんが食べたくなって予約❤︎コースで色々楽しめて大満足です❤︎店員さんも色々お話ししてくださりとても楽しいお食事になりました❤︎
ツバクロ すっぽん食堂   京都店,コスパが悪いお通し、湯葉サラダ、コラーゲン炙り、スッポン出汁巻、丸鍋×3、〆のラーメンとスープ追加、飲み物×3、で14500円しました(そこまでお腹いっぱいにも...
ツバクロ すっぽん食堂   京都店,N/A
ツバクロ すっぽん食堂   京都店,N/A
ツバクロ すっぽん食堂   京都店,N/A
ツバクロ すっぽん食堂   京都店,N/A
ツバクロ すっぽん食堂   京都店,スッポン薬膳鍋、コレが3000円弱は安い。
ツバクロ すっぽん食堂   京都店,食べてすぐ冷凍すっぽんだを分かった。魚臭い味がするからです。残念
ツバクロ すっぽん食堂   京都店,美味しかったです。すっぽんの唐揚げの味付けが、とてもいい具合でした。また伺います。
ツバクロ すっぽん食堂   京都店,おいしかった
ツバクロ すっぽん食堂   京都店,初スッポンに挑戦したくて京都でお手軽にスッポン料理を味わえる店でこの店にしました。コラーゲン炙りポン酢はえんぺらのクニュクニュした食感が初❗唐揚げは味もしっかり付いていて言われなければ...
ツバクロ すっぽん食堂   京都店,初めてのすっぽんでしたが満足しました。丸鍋は少し味が薄く感じたけどすっぽんは身がホロホロで美味しかったです。でも、一番美味しかったのはアジフライタルタルでした（笑）ふっくら...
ツバクロ すっぽん食堂   京都店,高価なイメージでなかなか手が出しずらいすっぽんですが、リーズナブルに楽しめると雑誌で見て訪問しました。すっぽん鍋目当てでしたが、食べログのレビューでコスパが悪いと書いている...
ツバクロ すっぽん食堂   京都店,京都に出張中に京都在住の友人につれられてお伺いさせて頂きました、こちらのお店はリーズナブルな価格でもっと身近にすっぽんを味わってもらいたいと言うコンセプトがあるそうです。すっぽんは好きなのでこの日...
ツバクロ すっぽん食堂   京都店,酔っぱらい日記ランキングへ京都美術館でルーブル展を鑑賞して出てみると小雨。。タクシーでご飯屋が多いとこまでぶ～ん。。とりあえず木屋町をぶらぶら。。目に付いた...
OLU BURGER KYOTO UMEKOJI,今年の6月6日にオープンされたこちらのお店、一度訪れたのですが臨時休業をされており今日はリベンジ！少し離れたコインパーキングにクルマを停めお店へと向かいます。到着したのは12時少し前、お店...
OLU BURGER KYOTO UMEKOJI,マイベストハンバーガーなOLU BURGER KYOTOさん。ただなかなかタイミングが合わずに久々にくることが出来ました。インスタとか見てるので、マンスリーバーガーが美味そうだな〜食べたいな〜...
OLU BURGER KYOTO UMEKOJI,【ハンバーガーに和牛100%はベストか？】歳のせいか和牛のステーキが食べられなくなってきた。フィレならともかくサーロインだと、あんなに好きだった脂身でもたれてしまうのだ。さて京都での小...
OLU BURGER KYOTO UMEKOJI,京都旅行の夕食第二弾でした。宿泊先が近かったので、伺うことにしました。肉厚のハンバーガーで食べ応え十分でした。パテの旨みも十分です。肉汁で服を汚してしまい、ちょっとブルーになりましたが、そんな気分を吹...
OLU BURGER KYOTO UMEKOJI,余計な味付けはせず塩のみで味付けしているパティ。肉の甘みが引き立って美味しい。最後の方は小さくなったバンズに肉汁を浸して食べてみると芳醇なバターを塗ったかのような味わい。アイスコー...
OLU BURGER KYOTO UMEKOJI,お昼に散歩がてらこちらに。一階でオーダー、会計すると二階の座席に持って来てくれます。スパイシーチーズバーガーとベーコンチーズバーガー、コカコーラとジンジャーエールを注文しました。パン、...
OLU BURGER KYOTO UMEKOJI,梅小路の鉄道博物館に行く前に、腹ごしらえとして立ち寄りました。私はスパイシーチーズバーガーをオーダー。5分程度でサーブされました。少しお値段は張りますがパティがジューシーで美味しかったです。セットのビ...
OLU BURGER KYOTO UMEKOJI,15時からの営業ということで行けなかった【きんせ旅館】　今日はリベンジしようと思い、その前にolu burger さんで、お昼を食べることにしました2週間前、1階のカウンターだったので、2階に...
OLU BURGER KYOTO UMEKOJI,アボガドチーズバーガー+ポテトドリンクセットハンバーガーはふわっと重ねた状態で、バンズもしっかり焼かれてパリッとしてる。パテを野菜で挟んでるので比較的あっさり感じるが、食べ応えは十分。ポテ...
OLU BURGER KYOTO UMEKOJI,京都駅近辺でお昼を食べることになり、久しぶりにハンバーガーを！と、ちょっと歩くけど梅小路のオルバーガーさんへ本店には行ったことあるけど、梅小路店は初めて七条通りに面していて、明るくキレイな...
OLU BURGER KYOTO UMEKOJI,JR梅小路京都西駅から改札を抜けて七条通りを東に徒歩2分程の南側のOLUBURGER KYOTOさんへ。本店は荒神口にある和牛100％のグルメハンバーガー店。相変わらず肉汁が溢れて出しくるのが堪り...
OLU BURGER KYOTO UMEKOJI,近場で和牛のハンバーガー屋さんがあると言うことで行ってみました。少し早めの時間だったからかお店は貸切状態でした。メニューを見ると色々とありましたが、シンプルにハンバーガーを注文。珍しいのがパティの焼き...
OLU BURGER KYOTO UMEKOJI,時間差投稿です。JR梅小路京都西駅から改札を抜けて七条通りを東に徒歩2分程の南側のOLUBURGER KYOTOさんへ。本店は荒神口にある和牛100％の番ハンバーガー店の新店舗です。久しぶりの...
OLU BURGER KYOTO UMEKOJI,ブルーチーズと蜂蜜パティが和牛なので高級感。肉汁溢れるミディアムレア仕立て。ポテトトッピング間違った皿に盛られてたけどまあよし笑「席確保してから先払い注文して」と言われて先に席確保に2...
OLU BURGER KYOTO UMEKOJI,娘がお世話になったピープル社のぽぽちゃんが製造販売中止になったことをツイートしたところ、こちらのお店の公式Twitterからイイねをいただき、梅小路公園に行った際にお礼を込めて訪問しました。道...
OLU BURGER KYOTO UMEKOJI,仕事で梅小路付近に行くことになり、お昼どこか検索したところ気になってたオルバーガーさんが新しく梅小路にもできてたので早速行ってきました！古い町屋を改装したみたいで所々昔の梁など残ってて素敵な雰囲気...
OLU BURGER KYOTO UMEKOJI,公園前にできたハンバーガーショープ持ち帰りのお客さんもちらほら古民家を改築したらしく、雰囲気が面白い。ハンバーガーは大きくて食べるのが大変(^○^)ポテトは細くてカリカリに上がっていて...
OLU BURGER KYOTO UMEKOJI,ハンバーガーの味はとても美味しい！また食べたい接客:普通で悪くはないが、いわゆるバイトの人の接客。(11月更新:よくなってました！)値段の割には店内の雰囲気が惜しい。(ハンバー...
OLU BURGER KYOTO UMEKOJI,（ブログからの投稿です）今日は、梅小路公園の近くにオープンした、ハンバーガーのお店へ行ってみました。■オルバーガー京都 梅小路（OLU BURGER KYOTO UMEKOJI）...
OLU BURGER KYOTO UMEKOJI,当日に予約より人数が増えてしまってもお店の方はとても親切に対応して下さいました。味も美味しかったです。サイドディッシュの内容がもう少し充実したら嬉しい。ハンバーガーに最初からサイドディッシュが...
OLU BURGER KYOTO UMEKOJI,限定メニューのキャビアポーチドいただきました。肉がいい。そこにキャビアが来て更にいい。パンも美味しい。次は何をいただくか楽しみ。
OLU BURGER KYOTO UMEKOJI,モッツァレラマッシュルームとミネストローネのスープを頂きました！京都和牛100%は安定してめちゃくちゃ美味しかったです！この季節にスープは身体も心もあったまりました！ご馳走様でした！
石焼生パスタ 蔵之助,ブログ記事、https://ameblo.jp/syenron1/entry-12813173283.html7月17日（月・祝）祇園祭の「山鉾巡行」を避けて四条通りからほど遠い七条東山に...
石焼生パスタ 蔵之助,今回は桂にある熱々の石窯パスタで有名なお店【石焼生パスタ　蔵之助】に行ってきましたこちらのお店は、学生時代に何回か利用させていただきこないだはお取り寄せとして自宅でもパスタをいただきました！...
石焼生パスタ 蔵之助,8月6日(火曜日)名古屋→京都　家族旅行京都に到着してお昼ご飯に偶然見つけたのが蔵之助さんお店の隣の広い駐車場に車を停めて店内へ赴きある和風の店内のお座敷席に座りました。...
石焼生パスタ 蔵之助,パスタ美味しかったです。離乳食をお店で食べることも快くOKしてくださり今回は使ってませんがオムツ替えのスペースもあるみたいで子連れにはすごくありがたいお店です！子連れで行けるお店が...
石焼生パスタ 蔵之助,築160年の古民家をリノベした石焼生パスタのお店。熱々の石焼皿に盛られたパスタや−20℃のキンキンに冷やされた皿に乗っかったパスタなど種類豊富で何を食べようか悩んでしまうメニューから選んだのは…...
石焼生パスタ 蔵之助,二郎オマージュ夢語オマージュ　値段も安い　晩ごはんの後に深夜に食べるもんじゃない！でも、とっても美味しかったです　ちゃんと美味しい二郎してます　オイルパスタで二郎オマージュ　お肉は夢語と違ってホロホロ...
石焼生パスタ 蔵之助,初めての訪問です。事前にWebで予約して、夕方比較的早めの時間帯に訪れました。さほど混んではなかったですが、だんだんとお客さんも増えて、我々が帰る頃には満席状態でした。パスタの...
石焼生パスタ 蔵之助,水曜日の深夜しかやってない家系パスタを食べてきました。有名なのか22時過ぎに伺いましたが結構な組数ご来店されてました。本当のラーメンのように増し増しとかあって注文しながら楽しめて料理がきてからも見...
石焼生パスタ 蔵之助,ずっと気になっていて、初めて伺いました！ランチのセットはサラダからデザートまで付いていてお得でした。メニューも色々あってまた来て食べたくなります！！頂いたのは鶏肉と梅かつおの和風パスタで、さっ...
石焼生パスタ 蔵之助,看板を見て気になっていたパスタ屋さん石焼なのでテーブルに届いてしばらくしてからでも熱々で美味しく食べる事ができます。ランチのお得なセットもあり、デザートなども種類が豊富です。パスタとサ...
石焼生パスタ 蔵之助,久しぶりの訪問朝から雨降りの11:30頃だったので待ちなしで座れました●厳選ウニと牛すじ肉煮込みの和風カルボナーラ●桜海老と春野菜の4種チーズのクリームパスタそれぞれにランチセット...
石焼生パスタ 蔵之助,(季節限定４種ラインナップ)石窯焼きクラフト生パスタ桜のタリアテッレ…1958円ホリデーランチ5品コース+880円テイクアウトは16種類のラインナップ...
石焼生パスタ 蔵之助,噂に聞いてはいましたが、メニュー豊富。昔から人気のお店。知ってから来店まで10年以上。びっくり。日替わりやパスタ、リゾット、アヒージョ、一品、ドルチェ、アルコール等…ランチもディナーもカフ...
石焼生パスタ 蔵之助,店員さんのホスピタリティが素晴らしいお店です。店内の雰囲気も古民家風で落ち着きます。期間限定メニューは麺の味も普段とは違い、こだわりを感じました。人気店なので予約が必須だと思います。駐車場は広いです。
石焼生パスタ 蔵之助,京都桂にある石焼生パスタ 蔵之助へ行ってきた！遠赤外線熱で食材の旨みを引き出すことができる特注の石焼の器であつあつ生パスタが食べられる！種類も豊富で選ぶの楽しい！春に行った...
石焼生パスタ 蔵之助,何度も利用させてもらっているパスタ屋さん！今回はパスタではなく、リゾットを注文してみた！リゾットはチーズをたっぷり使った一品を頂きましたが、そのチーズは濃厚ではあるが、食べ進めてもあまりくどく...
石焼生パスタ 蔵之助,寒い1月の日曜日に久しぶりに蔵之助に行くことに。自宅から歩いていける距離がうれしい。12時半に着くと待ちは一組みで程なく席へ案内された。席に着くとひとしきりおススメを店員さんからレクチャーされるも自分...
石焼生パスタ 蔵之助,毎年初詣の後はみんなで蔵之助のパスタを行きます。今年もみんなで訪問しました。悠久の地、京都西京桂の旧宿場町である歴史的保存地区の樫原にて、築 150年以上経つと される古民家を、後世に...
石焼生パスタ 蔵之助,渡り蟹とずわい蟹キノコの逸品パスタとにかく生パスタが食いたかったなかなか、うまし、これは、リピですねまた、違うの食べたいなーーーと思ったし　コースに特にしなくてもいろいろ頼めば、良かっ...
石焼生パスタ 蔵之助,釜焼きピザと間違えて訪れた石焼パスタ。パスタは生で丸くてもちもち。個人的には味は少し甘かったり濃かったり、、他の方々は1人一皿食べていたが、私は家族で行ったので色々な品を分けて食べるのがち...
石焼生パスタ 蔵之助,店内はジャズが流れ、落ち着いた雰囲気掘りごたつの座敷席とテーブル席があります。パスタ、リゾット、アヒージョ、一品、スイーツと、メニュー豊富　クリーム系カルボナーラとアボカド&大エビ&クルミを注...
石焼生パスタ 蔵之助,初めて行きました。店内綺麗で清潔感があり、接客も丁寧でとても良いです。メニューが多くて注文するまでに20分以上かかりましたが、味は抜群に美味しく、アヒージョ、ポタージュスープ、サラダ、クリームパス...
マルシン飯店,京都の中華料理で有名なこちらのお店朝6時まで営業しているっていうモンスター店です関東を車で夜に出発して大阪へその前に夜明け前に訪問出来るなっと思い訪問です土曜日夜明け前の4時45分到着...
マルシン飯店,日曜日、混雑時間を避けたつもりで15時頃にお店へ。しかしながら、店の前には10人以上の列が…どうしようかと思いましたが、意外と早く入店ができました。注文したのは天津飯とレバニラ炒めと熟...
マルシン飯店,京都『マルシン飯店』なんとこちらは深夜もやってます‍♂️朝まで営業☀️昼も夜も行列ができない日はないほど地元民に熱く支持されている京都の大人気町中華中でもダントツ人気なメニュ...
マルシン飯店,バス停降りたとこにありまして、行列がないんですが、空いていたらと思い飛び込んだところやってました。ラッキーです。早速天津飯をいただきます。900円になります。安定したお味です。アプリでスタンプが集めら...
マルシン飯店,"昼間は,尋常では無い程に大行列なマルシン飯店様☆春から気になっていたので,夜中0時の電車がなくなる頃に来てみましたょ( *´艸｀)3組ならんでらっしゃいましたが,直ぐに入れて貰えました..."
マルシン飯店,天津飯 900円 　餃子 380 円夜の7時過ぎに 、着いた時には既に30人ぐらいの行列ができていて 、約 50分ぐらいで席に着くことができた 。ど定番の天津飯と餃子を注文 、...
マルシン飯店,ぷりっぷり&ぷるんとした海老の食感！エビチリソースが香ばしく、ピリ辛で永遠食べれる？！飽きない旨さ！！！細麺のちゃんぽんは塩分多めも、炎天下に順番待ちした体に、沁みわたる！...
マルシン飯店,ここの天津飯は飲み物です。濃厚な餡が卵もご飯もスルスルと胃袋へ流していきます。京都東山に用事があり、偶然見つけた行列に並んで食べることができました。朝までやっているので夜食としても...
マルシン飯店,急に思い立って夜中の4時に初来店のこのお店。いつも並んでるから時間外してと思ってのこの時間ですが店内に素直に入れましたが中はお客様で満席‼️ギリ入れた感じです笑天津飯を注文。とても美味しく夜中でも...
マルシン飯店,中華な気分で京都まで行ってきました(笑)注文したのは、青椒肉絲、餃子に天津飯を青椒肉絲は、肉を牛、豚かを選べ豚肉を選択鶏ガラベースのお出汁の効いたシャキシャキのピーマンと玉ねぎと甘みを感じ...
マルシン飯店,お盆の時期の土日に17時ごろ行ったところ、10人以上並んでいました。今回、天津飯と回鍋肉を注文。特に天津飯は関西特有の醤油ベースの味付けでこれぞ天津飯という味でした。こういう天津飯が1番美味しいんだよ...
マルシン飯店,20時前に初訪問です。今日は少しだけ普通の夏ぐらいの暑さに下がったので、5人待ちでも待ってみよつかなと。でも結局15分強待って中へ。4人席の真ん中に懐かしいパーティションが置かれ、2人ずつ...
マルシン飯店,よくテレビで紹介されるお店なので、行列かなと思ってましたが、平日のお昼時間をちょっとずらしただけでしたが、スムーズに入れました。天津飯と餃子が有名なので食べました。餃子はお酢と醤油の比を7:3がオ...
マルシン飯店,天津飯で有名なお店なのでまずは天津飯、焼き餃子は2種類ありましたが折角なので100円ほどプラスの美味しそうな方へ。そして魅力的なチャーハンをオーダーしました。オーダーして5分も待ったかな？...
マルシン飯店,噂の天津飯を食べました。素直に美味しいと思います。他の方の投稿にある様に、餡と卵の半熟感にこだわった作りで美味しいです。餃子は熟成と普通のを食べました。餃子にこだわっているだけあっ...
マルシン飯店,平日の11：30過ぎに訪問しましたが、30分ほど並びました。天津飯と餃子を注文しました。量が多めとのことだったので、ご飯を少なめにしましたが、ちょうど良かったです。餡がとても美味しく、味は濃い...
マルシン飯店,三条近くで14:00アポの仕事があり京都に来ました。この日公共交通機関が遅延気味だったので早めの移動時間に余裕があったので来ました12:45頃に到着すると並びは二組四名10分ちょい...
マルシン飯店,ランチで訪問しました。京都旅行の2日目に主人の希望でこちらに。事前に調べていな天津飯はぜひたべてほしい、美味しすぎました！あんの出汁がほどいい塩梅で結構なボリュームですがペロっと食べれてしまいました。
マルシン飯店,天津飯900円餃子380円エビの天ぷら1150円駐車場1台有、小型車までということで、空いてたが他のパーキングに停めた日曜の15時30分頃、先に2組並んだ時間は15分程...
マルシン飯店,知り合いが行きたかったそうなので、ドライブがてらに京都まで。夜中1時30分頃に到着。店内満員…さすがにこの時間やと並ばずに入れると思ったけど、あまかった…30分ほど待って入店。チャ...
マルシン飯店,あまり便の良い場所ではありませんが、一度食べてみたかったので行ってみました20:30頃に行きましたが、2組先に待っており、20〜30分ほど待ち入店客席総入れ替えといった感じ残念ながらお目当...
らぁ～めん京 祇園本店,八阪神社の少し北、バスの祇園駅の近くにあります。きれいな店内で、おひとり様でもグループでもファミリーでも入りやすい雰囲気です。1席ごとにパーテーションのある、比較的広いカウンタと、4人がけテー...
らぁ～めん京 祇園本店,夜10時頃伺いました。細目の麺に3種類のチャーシュー濃く深い味わいで楽しめました。ビールと一緒にして良かった〜！セットでチャーシュー丼を頼んだのですが、予想外にご飯が美味い！知らずに頼...
らぁ～めん京 祇園本店,おつまみの三種盛、餃子、唐揚げ、らーめんをいただきました！いつ来てもそうですが、どれもクォリティが高く美味しい！当たり前ですが、熱いものは熱くでてきますし、どの料理も丁寧に作られた心意気を感じ...
らぁ～めん京 祇園本店,【らぁ〜めん京　祇園本店(京都府京都市東山区)】鶏と野菜で構成された白湯ラーメンをメインとした奈良・滋賀・兵庫にも店舗展開する本店にあたるお店Date. '24.6.5⁡京らぁ〜め...
らぁ～めん京 祇園本店,祇園花月を楽しんだ後真向かいのこちらでチャーシューや唐揚げをアテに飲んだ後ラーメンで〆。最近ご飯が美味しくてキムチでごはんまで食べてしまった。こういうシンプルなのが1番落ち着く。祇園花月前のお店な...
らぁ～めん京 祇園本店,豚角煮の醤油白湯豚の角煮、柔らかくて美味しかった。こちらのオススメが醤油ラーメンだったのでそれに従ってみたけど、そもそも個人的に醤油ラーメンはあまり好きじゃないので、ここは塩ラーメンか味噌ラー...
らぁ～めん京 祇園本店,場所柄、観光の方が多いのかなというお店。豚骨醤油のような見た目ですが、ほんのりお出汁を感じることができ、優しい仕上がりになってます。ちょっと小ぶりなサイズなので、満足できる量を食べるには替え玉...
らぁ～めん京 祇園本店,祇園で弾けたあとは［らぁ〜めん京］。なぜか金曜夜に行く機会が多いです。ベースにある鶏白湯が美味しいので西京味噌らぁ〜めんも辛味噌らぁ〜めんも秀逸です。今回は辛味噌らぁ〜めん。辛味噌ボー...
らぁ～めん京 祇園本店,京都観光、たくさんの名所を回ってかなり遅めの昼食で立ち寄りました。八坂神社のそば、混み合う時間帯を大きく過ぎている、とは言ってもお客さんは多数。人気店であることが窺われます。こってりとした特濃...
らぁ～めん京 祇園本店,鶏と野菜の凝縮した白湯ですが濃厚なスープ。そのスープのからまる低温熟成細麺がまた美味しい。さらにラーメンに加えて焼きめしを夜に食べるという禁断のセットがたまりません。時々、食べたくなるので...
らぁ～めん京 祇園本店,こちらのお店は京都市東山区祇園町にあります。八坂神社の北側にあります。以前から気になっていたラーメン屋さんでしたが、ようやく訪問できました。かなり混んでいて15名の行列が1時間...
らぁ～めん京 祇園本店,京都旅行で訪問。スタンダードならーめんと、夜限定のよくばりご膳を注文。味はもちろんおいしかったんですが、それよりも店員さんのオペレーションのあまりのレベルの高さに味よりもそっちに気を取られてし...
らぁ～めん京 祇園本店,祇園花月の公演前に腹ごしらえ。細麺で、鶏醤油美味しいです。味の染みた卵が美味しかったです。さっぱり食べれました。器も使い込んでる感じがよいですね。お支払いは現金のみ。支払いにとまどう方もいらっしゃ...
らぁ～めん京 祇園本店,鶏白湯ラーメンスープは結構トロトロ系チャーシューもトロトロ餃子も美味しかったですよ昼下がりにも関わらずお客様で賑わっていたこちらのお店場所がまずいいですよね店構えが...
らぁ～めん京 祇園本店,前日の二日酔いを引きづりながら、遅めの昼食を。坦々麺、期間限定だったのか、メニューにはもう表示は無かったのが残念。なのでラーメン大と黒炒飯をオーダー❗️こちらの黒炒飯、見た目は不味そうだけど、味は抜群...
らぁ～めん京 祇園本店,1番人気のラーメンが売り切れで食べれなくて、鶏スープの味噌にしました柚子と魚粉が効いていて、私が良く行く横浜のラーメンに似ていました焼き飯が美味しすぎてビックリまたまた止まらないスプーン！！餃...
らぁ～めん京 祇園本店,醤油とこってりをいただきました。たまたま近くに来てたので、調べて来店でしたが、本当においしい！！いままでのラーメンの中で1番です！！醤油はあっさりしていますが、その中にもコクがありお上品！...
らぁ～めん京 祇園本店,京ラーメン、ミニ焼き飯セット　1230円スープ自体は濃厚な鶏スープ。そこに背脂が浮いています。鶏白湯を食べるぞ、と思って食べたのですが、鶏白湯でも醤油ラーメンでもないなんだか他の店にはない独特な味...
らぁ～めん京 祇園本店,妹、甥っ子とお墓参り・初詣。遅い昼ごはんにラーメンが食べたいと「天一」を目指してる途中、こちらを発見。せっかく京都まで来てるしと行き先変更。5組ほど待ってたかな？店内に待ち席4席。...
らぁ～めん京 祇園本店,ずっと行きたかったラーメン屋入った時は並んでなかったけど、出たら結構並んでた細麺最高、塩美味しかったけど定番がやっぱり美味しい何種類かあって全部食べてみたい、京都のラーメンレベル高くて色ん...
らぁ～めん京 祇園本店,平日の15:00頃だったけど、観光客でほぼ満席でした。特濃こってりらーめんを注文。どろっとしたスープはしつこすぎず美味しかった。細麺との相性も良い。チャーシューは柔らかくてGood濃厚だけど上品な...
麺匠 たか松 本店,コンビニとラーメンを交互に食べてるとデブると知りました。仕方がないのでブヒブヒ言いながら京都駅から歩きました。遠いです。さりげに遠いです。荷物は重いし、暑いし、雨だし、全身豚汁まみれで...
麺匠 たか松 本店,先週に引き続き京都市内某所で業務。その合間にこちらに向かった。実に11年ぶり。今回は、11年前に初訪問した時と比べて、このお店がどう変化して来たかに着目してみる。まず、お店外観。11年前はこんなだった...
麺匠 たか松 本店,日差しの暑い昼間に来店。店内は満員で、外に二組ほど並んでいました。店員さんの接客は丁寧で、日傘を貸していただいたり、食券や注文などの説明もしてくれました。今回はとてもお腹が空いてい...
麺匠 たか松 本店,つけ麺・ラーメンは食べていて美味しいのは確認済でした。【夏限定】　冷製鴨だしらぁ麺　を食す。外も暑く、腹いっぱいの締めラーメンでしたが、一瞬、日本蕎麦と間違える程の爽快感で、なんなく完...
麺匠 たか松 本店,お店は決して広くはないため猛暑の中、外で並ぶスタイルです。近隣の道路も広くはないため店周りは混雑しています。そんな中、日傘の貸し出しがあり、暑い中お待ち頂きありがとうございますと店員さんが人数を聞くタ...
麺匠 たか松 本店,"全粒粉のつけ麺！月曜日の祝日で、12:10到着で目の前に2組いるも、タイミングよく、すぐにカウンターに着席できました。店員さんに聞いたところつけ麺がオススメとのことで、つけ麺大盛1,030円を..."
麺匠 たか松 本店,出張ラーメンの巻【order】冷製鴨だしラーメン¥900【料理・味】スープよし、麺よし、トッピングよし。麺は蕎麦っぽい、スープは丁寧な鴨だし、トッピングのネギとナスは絶...
麺匠 たか松 本店,煮干し系のラーメンで、わりとあっさりな方。ただ、色々と都内でラーメンを食べ歩いている私にとっては期待値は超えてこなかったので、3.4となりました。夜22:30までラストオーダー受けているのが良かった。...
麺匠 たか松 本店,つけ麺はつけ汁の濃厚さが少し苦手で、今まで敬遠してたジャンルでしたが、食べログの写真を見て、これならいけるかもと思い、たか松さんに来店。予想通り、まず全粒粉麺がとても美味しく、つけ汁も濃厚ではあり...
麺匠 たか松 本店,京都暑い！暑過ぎるっ！！当初行きたかったお店が閉まっていたので、急遽最寄りで尚且つ涼しいメニューを検索。という事で夏季限定のカモの冷やしラーメンが検索にヒットしたので、コチラに訪問して注文。...
麺匠 たか松 本店,注文したのは、つけ麺（大盛）と具材全部盛りです。魚介系のスープには刻んだチャーシューも入っており、別にチャーシューを頼む必要はありませんでした。麺は最初の半分くらいは美味しかったのですが、後半...
麺匠 たか松 本店,表現が難しいのですが、スープはしっかりと味がついて濃いめなんですが、麺がサッパリしています。途中ですだちを掛けたりして、さらにさっぱりできるし、黒胡椒で味変もできます！スープも途中で玉ねぎを入...
麺匠 たか松 本店,電車の遅延で阪急廻り、そうだ祇園祭に行こう！後祭りの宵山で鉾を巡ってお腹を空かせて、たか松さんへ。店内は9割が海外の方で賑わっている。15分ほど待ち着丼。黒山椒を振って、麺をスープにつけた...
麺匠 たか松 本店,京都で歩こう会、源鳳院で茶会の後は昨日利用した宿泊先へ荷物を取りに戻る途中。この後は神戸に移動しなければならないので、サクッと頂けるものを。本音は神戸で洋食食べたかったけど、神戸到着する頃には...
麺匠 たか松 本店,鴨丼がめっちゃ美味しかった。つけ麺よりも、鴨丼の方が美味しかった。つけ麺は味を変えることができるので、楽しめた。隣にいた外国人は、魚粉系が苦手そうだった。でも1番美味しかったのは、鴨丼です。次に行った...
麺匠 たか松 本店,【立地】烏丸中心部、目の前にコインパーキングあり。2、3名並んでましたがすぐに入れました。【注文品・価格】魚介つけ麺930円味玉120円【味・ボリューム】蕎麦感強く...
麺匠 たか松 本店,人気店が空いてたのでラッキーでした。冷やし鴨肉だしらーめんに、煮卵トッピングを頼みました。スープは椎茸の出汁も入ってるのか、甘く蕎麦つゆの様な味。シャキッとしたネギと、焼いたトロトロの...
麺匠 たか松 本店,今日は、四条烏丸にある『麺匠 たか松 本店』さんへ～!!『四条烏丸』の交差点から烏丸通りを北へ、2筋目の『蛸薬師通り』を右に入ると見えてくる!!『ベトナム料理 コムゴン』さんのちょっと先だぁ～...
麺匠 たか松 本店,雰囲気土曜１０時５０分に到着、並びはなく１１時丁度にオープン１つだけあるテーブル席（２名用）に案内していただけました店内キレイです味つけ麺（大盛）と具材全部盛りをオーダーオ...
麺匠 たか松 本店,京都にある、非常に京都らしいつけ麺屋さん。その魚介のスープはとてもコクがあって美味しかったです。鴨肉の丼もとても美味しくてまた食べたいと思います。最高の店でした。拍手！！！！！！！！！！！！！！
麺匠 たか松 本店,以前からマークしていたつけ麺店。近くに立ち寄る機会があり入店。つけ麺並を実食。全粒粉の麺は細麺で喉越しも良く、なかなか美味。つけ汁も美味しい。京都らしく黒七味も置いてあり、すだちとともに味変できるのが良い。
麺匠 たか松 本店,つけ麺並盛り980円。全粒粉の練り込まれた細麺で、魚介と鶏のミックススープはサラッとした口当たり。かぼすを絞れば真夏にも食べやすいサッパリとしたつけ麺だが、個人的にはインパクトが弱かった印象。言葉を選...
本家 第一旭 本店,20240119-0122*京都たかばし 本家第一旭本店の特製ラーメン*大阪・京都出張シリーズ。京都駅から徒歩10分の距離にある、京都のラーメンといえばの人気店。おそ、く京都府でトップ...
本家 第一旭 本店,ようやくこれたぜ第一旭。常に並んでるから昼間はその後の予定に影響が出そうでなかなか行けず、飲みの後の締めに利用。深夜にも関わらず大行列でビビった。なかなか回転が遅く数十分並んで入店。餃...
本家 第一旭 本店,京都に来た時には必ず伺ってます。この日は9:40に到着。すでに12組待ち。久しぶりに伺うと券売機で食券購入になっていて、前の人が食券を購入したら後ろの人が買いに行く…と言うシステム。注文は...
本家 第一旭 本店,朝の10時頃に伺いましたが既に10人ほど待ち。夏なのでかなり暑さが厳しかったです。もっと朝早い方か、夜の方がおすすめ。しっかりとした醤油味で非常においしい。さっぱりより濃厚の方が好みな私ですが、珍しく...
本家 第一旭 本店,"お昼時に近くを通ると、猛暑のためか並びが10人くらい。お昼時の第一旭でこんなに少ない並びは初めて見た。という事ですぐに車を駐車して並ぶ事20分程度で店内へ。並んでいる途中で特製ラーメン1,140円の食..."
本家 第一旭 本店,ラーメン、餃子、小ライス、ビール小瓶豚骨清湯スープの醤油ラーメンでしょうか。ノーマルラーメンでもチャーシューがたくさん入ってる旨いラーメンでした。餃子も食べやすい味でライスにはタッパでお漬物が...
本家 第一旭 本店,平日の６時２０分に来店です。８組の順番待ちです。休日に比べて少ないです。２０分程待ち店内へ。並ぶ前に店内の券売機で食券を購入です。本日はメンマラーメンネギ増しです♫着席して３～...
本家 第一旭 本店,京都駅周辺で深夜帯にやっているラーメン店を探すとこちらのお店がヒット。前情報でも点数が高いので期待を膨らませ向かいました。到着すると深夜の閉店前にも関わらず10〜15名ほどが随時並んで...
本家 第一旭 本店,いやー、美味しかった。味は文句なし☆5.0です。8月の暑い中並ぶ人の気持ちがわかりました。周りに日陰になるものがないので、暑い季節に来店される方は、並ぶのを見越して熱中症対策して下さい。また、混雑時は...
本家 第一旭 本店,バリカタにしたせいか終始、ラーメンは塩見が強かったです。いや、娘の学割ラーメンもいただきましたが、塩見が強かったです。チャーシューも感動はなかったです。餃子は美味しい方でした。参考まで...
本家 第一旭 本店,以前から京都へ行く度に大行列ができていて気になっていたお店です。今回の甲子園ツアーでの宿泊には朝食がついていないので、朝ラーもいいなと思い、来てみました。8月17日朝5時10分、お店前に到着、先客...
本家 第一旭 本店,京都駅から徒歩6分程度の所にあるこちらのお店。いつも行列を遠くから見ていて、行ってみたいな〜と思っていました。今回、満を辞して伺いました！流石の名店。13時ごろでしたが20人程度並んで...
本家 第一旭 本店,京都駅近うまうま朝ラー連食！(第一旭)本家 第一旭 本店 (昭和22年創業)⇒チャーシューメン＋ライス(小)#味濃･葱多･バラ#＋焼豚(小)#5:15シャッター(前5後40程)...
本家 第一旭 本店,京都のラーメンと言えばここ昔は店前に路駐してた京都人ならたかばしで通じるちなみにたかばしとは八条側に抜ける際に通る高倉の跨線橋をたかばしと呼ぶところから来ている京都に第一旭という名...
本家 第一旭 本店,京都にプチ旅行。うちの家族は、朝寝るだけ寝てのんびりしたいタイプ。自分はこの4月から職場が変わって、毎日5時起きが体に染み付いているので、今日も同じ時間に目が覚めた。あっホテルから...
本家 第一旭 本店,20年前からちょくちょく通って、今回は7年ぶり。健康のため、スープはあまり飲みすぎない私ですが、この店ではついつい飲みすぎてしまいます。お盆のせいなのか、最近はそうなのか、2時間並んで23...
本家 第一旭 本店,今日は京都の「本家 第一旭 本店」。いわずもがな京都を代表するラーメン店で毎日大行列の店です。朝6時から開いてるので朝ラーが狙い目かと思い口コミをチェックすると、朝一より朝8時ごろが行列が少ないよ...
本家 第一旭 本店,今日は朝から京都醤油ラーメンだ！という事で、本家第一旭本店に。前回訪問時は午前8時15分着で15人待ちだったけど、今日午前7時半過ぎ着。しかし、40人待ちくらい！ホント、皆さんよく並ぶよね〜、ってあん...
本家 第一旭 本店,京都駅前のラーメンといえば、本家第一旭本店！日曜日の18:55くらいに到着で、感覚的には、グループの方が多く、約60人くらい並んでいました！笑また海外の方が7割くらい、日本人が3割くらいで...
本家 第一旭 本店,朝6時からオープンということで、9時頃朝ごはんにと伺いましたが、既に行列！券売機で先に購入のスタイル。1時間近く待ってようやく店内に案内されました。ラーメン950円で充分なボリュームです。チャーシュー...
本家 第一旭 本店,お盆休みの初日の土曜日早朝から並びました5:25着に到着、先客は2名でしたその後5:30  14名5:40前には一巡確定分の16名が埋まりました開店時点で35〜40名くらい...
MOON & BACK Ramen Bar & Branch Cafe,錦市場の側にあったので行きました。店内は清潔感があり綺麗でした。今回はラーメンを2種類いただきました。・炙り国産A4黒毛和牛醤油ラーメン特製味玉付き写真とは少し違うなと思いまし...
MOON & BACK Ramen Bar & Branch Cafe,初めて1人でカフェへ行きました。今回は、クッキー&クリームのクロッフルと抹茶ラテを選びました。初めてクロッフルを食べましたが、クセになる味でした。アイスやホイップ、オレオが乗っているので結...
MOON & BACK Ramen Bar & Branch Cafe,飲み会2軒のハシゴから深夜に開いててGooglemapで評価が高い店を見つけて訪問外観、中も白を基調にした清潔な雰囲気店員さんワンオペですが客も7〜8人入店して、まず驚いたのは価格...
MOON & BACK Ramen Bar & Branch Cafe,飲み会が終わって23時にホテルにチェックイン。土曜日の深夜に開いているお店はないかとリサーチしていると見つけました。Moon & Back さんです。ヴィーガンラーメンってどんなのだろうと...
MOON & BACK Ramen Bar & Branch Cafe,クロッフルも食べたくてコースメニューを事前に予約して注文✨ラーメンとオムライスどちらも美味しくて、特にラーメンは目の前で炙ってくれるパフォーマンスもそして楽しみにしてたクロッフルは安定の美味しさで...
MOON & BACK Ramen Bar & Branch Cafe,何度も来た事あるオシャレCafeラーメンを提供していると聞いて早速行ってみた！鶏白湯と醤油ラーメンの2種類から醤油ラーメンに。国産黒毛和牛が乗ってて着丼時に炙ってくれると言う映えな...
MOON & BACK Ramen Bar & Branch Cafe,"炙り国産黒毛和牛醤油ラーメン　1,738円濃厚バスクチーズケーキ　880円カフェラテ　605円*:.｡.❁.｡.:*:.｡.✽.｡.:*:.｡.❁.｡.:*:.｡.✽.｡.:*:.｡...."
MOON & BACK Ramen Bar & Branch Cafe,以前から気になっていたラーメンおまかせコースが食べられる珍しいお店です。このお店色々バグってますので解説していきます❕笑外観はとてもラーメンが出てくるような見た目でなく、どちらかという...
MOON & BACK Ramen Bar & Branch Cafe,平日のお昼時、本当はお目当ての店が別にあったのですがかなり待ち時間が長そうだったのでそこを諦め、ぶらぶらしていた時に通りがかって入店しました。店内は男性一人しか見当たらず、料理を出すのに少し時間が...
MOON & BACK Ramen Bar & Branch Cafe,やや時差投稿になります。写真どこいったかなと探していたのが古いスマホに入ってたのが見つかった為。昨年の話です。当時のキャンペーンで卵付き黒毛和牛のラーメンが1000円で食べ...
MOON & BACK Ramen Bar & Branch Cafe,いつも可愛いランチが食べたくなる時にお邪魔するカフェが、なんとラーメンを始めて‼️気になりすぎるので行ってみます‼️この11月はラーメン夜1480円→1000円になっててめちゃお得やけ...
MOON & BACK Ramen Bar & Branch Cafe,カフェ巡りで、シドニー、神戸にお店を構えるオーストラリアンスタイルレストランへ店内がシンプルで可愛いオーストラリアで人気の人気のチュロスセットがオススメチュロスのディッ...
MOON & BACK Ramen Bar & Branch Cafe,本日の夕食は四条河原町の「MOON & BACK Ramen Bar & Branch Cafe」さんへやってきました。こちらでは夕食時にラーメンバーとして営業されているということなので楽しみです。...
MOON & BACK Ramen Bar & Branch Cafe,京都・神戸・シドニーに店舗を構えるオーストラリアスタイルの人気レストランが、10/1より業態変更。ランチは今まで通りに、夜営業は別の一面を見せ、RAMENBARとして日本酒やワイン...
MOON & BACK Ramen Bar & Branch Cafe,10月1日からラーメンの提供を本格的にスタートされた「MOON & BACK Ramen Bar & Branch Cafe」さん、お店に到着したのは20時半少し前、ラストオーダー寸前のギリギリ入店と...
MOON & BACK Ramen Bar & Branch Cafe,ランチのコースメニューを頼んだハンバーグ乗せオムライスはまあおいしかったけどそれよりもクロッフルがおいしかったサクサクでアイスクリームも乗っててしあわせだった〜メープルブラウンチー...
MOON & BACK Ramen Bar & Branch Cafe,京都河原町駅や烏丸駅から歩いて行ける富小路通にあるカフェ。ちなみにオーストラリアスタイルらしい。白を基調としている新しめなカフェで、所々にあるウサギのモチーフが可愛い。お料理やデザートも盛り付...
MOON & BACK Ramen Bar & Branch Cafe,土曜日のカフェタイムに利用しました。クロッフルが食べたくて、どの味にしようかかなり迷いました。美味しそうなチーズ、あんバター、オレオ、クリームブリュレ、アップルシナモン等種類豊富なので、他の味...
MOON & BACK Ramen Bar & Branch Cafe,ケーキの様なホイップ盛りもりの桃のかき氷。バニラアイスが中に入っていて、見た目も食べても楽しいかき氷でした。桃のシロップがとっても美味しかったので、ホイップ少なめで、シロップたっぷりかかっていると...
MOON & BACK Ramen Bar & Branch Cafe,京都河原町駅より徒歩6分ほど。うさぎのマークが目印の可愛いレストランで本日7/1〜桃をふんだんに使用したかき氷が登場しました！！店内はオーストラリアンスタイルでとっても素敵。...
